OM;SIGLA OM;UF;IDENTIFICADOR DO TIPO DE EMBARCAÇÃO;TOTAL DE EMBARCAÇÕES DESSE TIPO
Agência da Capitania dos Portos em Aracati;AGCATI;CE;48;4
Agência da Capitania dos Portos em Aracati;AGCATI;CE;26;503
Agência da Capitania dos Portos em Aracati;AGCATI;CE;51;120
Agência da Capitania dos Portos em Aracati;AGCATI;CE;28;1
Agência da Capitania dos Portos em Aracati;AGCATI;CE;32;1
Agência da Capitania dos Portos em Aracati;AGCATI;CE;59;2
Agência da Capitania dos Portos em Aracati;AGCATI;CE;34;750
Agência da Capitania dos Portos em Aracati;AGCATI;CE;105;1
Agência da Capitania dos Portos em Aracati;AGCATI;CE;35;148
Agência da Capitania dos Portos em Aracati;AGCATI;CE;108;32
Agência da Capitania dos Portos em Aracati;AGCATI;CE;37;29
Agência da Capitania dos Portos em Aracati;AGCATI;CE;99;122
Agência da Capitania dos Portos em Aracati;AGCATI;CE;13;1
Agência da Capitania dos Portos em Aracati;AGCATI;CE;38;517
Agência da Capitania dos Portos em Aracati;AGCATI;CE;39;1
Agência da Capitania dos Portos em Aracati;AGCATI;CE;43;2
Agência da Capitania dos Portos em Areia Branca;AGBRAN;RN;48;16
Agência da Capitania dos Portos em Areia Branca;AGBRAN;RN;25;4
Agência da Capitania dos Portos em Areia Branca;AGBRAN;RN;26;142
Agência da Capitania dos Portos em Areia Branca;AGBRAN;RN;51;3
Agência da Capitania dos Portos em Areia Branca;AGBRAN;RN;58;1
Agência da Capitania dos Portos em Areia Branca;AGBRAN;RN;34;96
Agência da Capitania dos Portos em Areia Branca;AGBRAN;RN;105;3
Agência da Capitania dos Portos em Areia Branca;AGBRAN;RN;35;52
Agência da Capitania dos Portos em Areia Branca;AGBRAN;RN;108;64
Agência da Capitania dos Portos em Areia Branca;AGBRAN;RN;37;25
Agência da Capitania dos Portos em Areia Branca;AGBRAN;RN;99;103
Agência da Capitania dos Portos em Areia Branca;AGBRAN;RN;13;2
Agência da Capitania dos Portos em Areia Branca;AGBRAN;RN;38;170
Agência da Capitania dos Portos em Areia Branca;AGBRAN;RN;41;1
Agência da Capitania dos Portos em Camocim;AGOCIM;CE;23;25
Agência da Capitania dos Portos em Camocim;AGOCIM;CE;48;22
Agência da Capitania dos Portos em Camocim;AGOCIM;CE;26;276
Agência da Capitania dos Portos em Camocim;AGOCIM;CE;51;1806
Agência da Capitania dos Portos em Camocim;AGOCIM;CE;32;1
Agência da Capitania dos Portos em Camocim;AGOCIM;CE;34;30
Agência da Capitania dos Portos em Camocim;AGOCIM;CE;35;237
Agência da Capitania dos Portos em Camocim;AGOCIM;CE;108;12
Agência da Capitania dos Portos em Camocim;AGOCIM;CE;37;4
Agência da Capitania dos Portos em Camocim;AGOCIM;CE;99;64
Agência da Capitania dos Portos em Camocim;AGOCIM;CE;13;6
Agência da Capitania dos Portos em Camocim;AGOCIM;CE;38;481
Agência da Capitania dos Portos em Camocim;AGOCIM;CE;41;2
Agência da Capitania dos Portos em Camocim;AGOCIM;CE;43;1
Agência da Capitania dos Portos em Paraty;AGPRTI;RJ;48;9
Agência da Capitania dos Portos em Paraty;AGPRTI;RJ;25;4
Agência da Capitania dos Portos em Paraty;AGPRTI;RJ;26;1823
Agência da Capitania dos Portos em Paraty;AGPRTI;RJ;51;305
Agência da Capitania dos Portos em Paraty;AGPRTI;RJ;28;4
Agência da Capitania dos Portos em Paraty;AGPRTI;RJ;31;23
Agência da Capitania dos Portos em Paraty;AGPRTI;RJ;32;75
Agência da Capitania dos Portos em Paraty;AGPRTI;RJ;33;22
Agência da Capitania dos Portos em Paraty;AGPRTI;RJ;44;1
Agência da Capitania dos Portos em Paraty;AGPRTI;RJ;34;1
Agência da Capitania dos Portos em Paraty;AGPRTI;RJ;105;4
Agência da Capitania dos Portos em Paraty;AGPRTI;RJ;35;1004
Agência da Capitania dos Portos em Paraty;AGPRTI;RJ;108;186
Agência da Capitania dos Portos em Paraty;AGPRTI;RJ;37;15
Agência da Capitania dos Portos em Paraty;AGPRTI;RJ;99;427
Agência da Capitania dos Portos em Paraty;AGPRTI;RJ;13;4
Agência da Capitania dos Portos em Paraty;AGPRTI;RJ;38;15
Agência da Capitania dos Portos em Paraty;AGPRTI;RJ;42;27
Agência da Capitania dos Portos em Paraty;AGPRTI;RJ;46;80
Agência da Capitania dos Portos em Paraty;AGPRTI;RJ;43;172
Agência da Capitania dos Portos em São João da Barra;AGSJBA;RJ;48;1
Agência da Capitania dos Portos em São João da Barra;AGSJBA;RJ;26;400
Agência da Capitania dos Portos em São João da Barra;AGSJBA;RJ;55;1
Agência da Capitania dos Portos em São João da Barra;AGSJBA;RJ;51;1389
Agência da Capitania dos Portos em São João da Barra;AGSJBA;RJ;28;2
Agência da Capitania dos Portos em São João da Barra;AGSJBA;RJ;31;24
Agência da Capitania dos Portos em São João da Barra;AGSJBA;RJ;32;1
Agência da Capitania dos Portos em São João da Barra;AGSJBA;RJ;35;154
Agência da Capitania dos Portos em São João da Barra;AGSJBA;RJ;108;90
Agência da Capitania dos Portos em São João da Barra;AGSJBA;RJ;37;1
Agência da Capitania dos Portos em São João da Barra;AGSJBA;RJ;13;5
Agência da Capitania dos Portos em São João da Barra;AGSJBA;RJ;38;177
Agência da Capitania dos Portos em São João da Barra;AGSJBA;RJ;46;92
Agência da Capitania dos Portos em Tramandaí;AGNDAI;RS;109;1
Agência da Capitania dos Portos em Tramandaí;AGNDAI;RS;48;2
Agência da Capitania dos Portos em Tramandaí;AGNDAI;RS;25;1
Agência da Capitania dos Portos em Tramandaí;AGNDAI;RS;26;1679
Agência da Capitania dos Portos em Tramandaí;AGNDAI;RS;55;2
Agência da Capitania dos Portos em Tramandaí;AGNDAI;RS;54;5
Agência da Capitania dos Portos em Tramandaí;AGNDAI;RS;51;157
Agência da Capitania dos Portos em Tramandaí;AGNDAI;RS;28;4
Agência da Capitania dos Portos em Tramandaí;AGNDAI;RS;31;37
Agência da Capitania dos Portos em Tramandaí;AGNDAI;RS;57;1
Agência da Capitania dos Portos em Tramandaí;AGNDAI;RS;32;1
Agência da Capitania dos Portos em Tramandaí;AGNDAI;RS;44;2
Agência da Capitania dos Portos em Tramandaí;AGNDAI;RS;59;1
Agência da Capitania dos Portos em Tramandaí;AGNDAI;RS;34;4
Agência da Capitania dos Portos em Tramandaí;AGNDAI;RS;105;2
Agência da Capitania dos Portos em Tramandaí;AGNDAI;RS;35;798
Agência da Capitania dos Portos em Tramandaí;AGNDAI;RS;108;545
Agência da Capitania dos Portos em Tramandaí;AGNDAI;RS;37;1
Agência da Capitania dos Portos em Tramandaí;AGNDAI;RS;99;306
Agência da Capitania dos Portos em Tramandaí;AGNDAI;RS;13;3
Agência da Capitania dos Portos em Tramandaí;AGNDAI;RS;63;1
Agência da Capitania dos Portos em Tramandaí;AGNDAI;RS;38;15
Agência da Capitania dos Portos em Tramandaí;AGNDAI;RS;45;1
Agência da Capitania dos Portos em Tramandaí;AGNDAI;RS;46;3
Agência da Capitania dos Portos em Tramandaí;AGNDAI;RS;43;14
Agência Fluvial de Boca do Acre;AGACRE;AC;48;37
Agência Fluvial de Boca do Acre;AGACRE;AC;25;2
Agência Fluvial de Boca do Acre;AGACRE;AC;53;9
Agência Fluvial de Boca do Acre;AGACRE;AC;26;20
Agência Fluvial de Boca do Acre;AGACRE;AC;55;1
Agência Fluvial de Boca do Acre;AGACRE;AC;54;1
Agência Fluvial de Boca do Acre;AGACRE;AC;51;726
Agência Fluvial de Boca do Acre;AGACRE;AC;10;143
Agência Fluvial de Boca do Acre;AGACRE;AC;28;1
Agência Fluvial de Boca do Acre;AGACRE;AC;31;37
Agência Fluvial de Boca do Acre;AGACRE;AC;57;15
Agência Fluvial de Boca do Acre;AGACRE;AC;33;55
Agência Fluvial de Boca do Acre;AGACRE;AC;105;4
Agência Fluvial de Boca do Acre;AGACRE;AC;35;2151
Agência Fluvial de Boca do Acre;AGACRE;AC;108;106
Agência Fluvial de Boca do Acre;AGACRE;AC;99;179
Agência Fluvial de Boca do Acre;AGACRE;AC;13;33
Agência Fluvial de Boca do Acre;AGACRE;AC;63;15
Agência Fluvial de Boca do Acre;AGACRE;AC;20;1
Agência Fluvial de Boca do Acre;AGACRE;AC;38;157
Agência Fluvial de Boca do Acre;AGACRE;AC;41;47
Agência Fluvial de Bom Jesus da Lapa;AGBJLP;BA;48;18
Agência Fluvial de Bom Jesus da Lapa;AGBJLP;BA;25;6
Agência Fluvial de Bom Jesus da Lapa;AGBJLP;BA;26;452
Agência Fluvial de Bom Jesus da Lapa;AGBJLP;BA;51;1083
Agência Fluvial de Bom Jesus da Lapa;AGBJLP;BA;28;133
Agência Fluvial de Bom Jesus da Lapa;AGBJLP;BA;31;36
Agência Fluvial de Bom Jesus da Lapa;AGBJLP;BA;57;16
Agência Fluvial de Bom Jesus da Lapa;AGBJLP;BA;33;3
Agência Fluvial de Bom Jesus da Lapa;AGBJLP;BA;34;3
Agência Fluvial de Bom Jesus da Lapa;AGBJLP;BA;105;2
Agência Fluvial de Bom Jesus da Lapa;AGBJLP;BA;35;1883
Agência Fluvial de Bom Jesus da Lapa;AGBJLP;BA;108;108
Agência Fluvial de Bom Jesus da Lapa;AGBJLP;BA;37;3
Agência Fluvial de Bom Jesus da Lapa;AGBJLP;BA;99;178
Agência Fluvial de Bom Jesus da Lapa;AGBJLP;BA;38;2
Agência Fluvial de Bom Jesus da Lapa;AGBJLP;BA;41;15
Agência Fluvial de Cáceres;AGCACE;MT;48;27
Agência Fluvial de Cáceres;AGCACE;MT;25;2
Agência Fluvial de Cáceres;AGCACE;MT;26;6920
Agência Fluvial de Cáceres;AGCACE;MT;27;1
Agência Fluvial de Cáceres;AGCACE;MT;51;370
Agência Fluvial de Cáceres;AGCACE;MT;28;268
Agência Fluvial de Cáceres;AGCACE;MT;31;32
Agência Fluvial de Cáceres;AGCACE;MT;58;2
Agência Fluvial de Cáceres;AGCACE;MT;33;41
Agência Fluvial de Cáceres;AGCACE;MT;44;1
Agência Fluvial de Cáceres;AGCACE;MT;59;1
Agência Fluvial de Cáceres;AGCACE;MT;34;1
Agência Fluvial de Cáceres;AGCACE;MT;35;742
Agência Fluvial de Cáceres;AGCACE;MT;108;122
Agência Fluvial de Cáceres;AGCACE;MT;37;2
Agência Fluvial de Cáceres;AGCACE;MT;99;1407
Agência Fluvial de Cáceres;AGCACE;MT;13;14
Agência Fluvial de Cáceres;AGCACE;MT;41;14
Agência Fluvial de Caracaraí;AGCRAI;RR;26;3
Agência Fluvial de Caracaraí;AGCRAI;RR;51;70
Agência Fluvial de Caracaraí;AGCRAI;RR;31;1
Agência Fluvial de Caracaraí;AGCRAI;RR;35;24
Agência Fluvial de Caracaraí;AGCRAI;RR;108;5
Agência Fluvial de Caracaraí;AGCRAI;RR;12;1
Agência Fluvial de Cruzeiro do Sul;AGFCRS;AC;48;31
Agência Fluvial de Cruzeiro do Sul;AGFCRS;AC;53;98
Agência Fluvial de Cruzeiro do Sul;AGFCRS;AC;26;107
Agência Fluvial de Cruzeiro do Sul;AGFCRS;AC;51;259
Agência Fluvial de Cruzeiro do Sul;AGFCRS;AC;10;4
Agência Fluvial de Cruzeiro do Sul;AGFCRS;AC;57;3
Agência Fluvial de Cruzeiro do Sul;AGFCRS;AC;33;32
Agência Fluvial de Cruzeiro do Sul;AGFCRS;AC;105;1
Agência Fluvial de Cruzeiro do Sul;AGFCRS;AC;35;41
Agência Fluvial de Cruzeiro do Sul;AGFCRS;AC;108;13
Agência Fluvial de Cruzeiro do Sul;AGFCRS;AC;13;12
Agência Fluvial de Cruzeiro do Sul;AGFCRS;AC;63;5
Agência Fluvial de Cruzeiro do Sul;AGFCRS;AC;38;3
Agência Fluvial de Cruzeiro do Sul;AGFCRS;AC;41;6
Agência Fluvial de Eirunepé;AGNEPE;AM;23;1
Agência Fluvial de Eirunepé;AGNEPE;AM;48;38
Agência Fluvial de Eirunepé;AGNEPE;AM;25;10
Agência Fluvial de Eirunepé;AGNEPE;AM;53;369
Agência Fluvial de Eirunepé;AGNEPE;AM;26;93
Agência Fluvial de Eirunepé;AGNEPE;AM;51;225
Agência Fluvial de Eirunepé;AGNEPE;AM;10;7
Agência Fluvial de Eirunepé;AGNEPE;AM;31;5
Agência Fluvial de Eirunepé;AGNEPE;AM;57;19
Agência Fluvial de Eirunepé;AGNEPE;AM;33;19
Agência Fluvial de Eirunepé;AGNEPE;AM;7;2
Agência Fluvial de Eirunepé;AGNEPE;AM;35;74
Agência Fluvial de Eirunepé;AGNEPE;AM;108;26
Agência Fluvial de Eirunepé;AGNEPE;AM;99;27
Agência Fluvial de Eirunepé;AGNEPE;AM;13;3
Agência Fluvial de Eirunepé;AGNEPE;AM;63;6
Agência Fluvial de Eirunepé;AGNEPE;AM;38;13
Agência Fluvial de Eirunepé;AGNEPE;AM;41;21
Agência Fluvial de Eirunepé;AGNEPE;AM;2;1
Agência Fluvial de Guajará-Mirim;AgGMirim;RO;48;16
Agência Fluvial de Guajará-Mirim;AgGMirim;RO;53;1
Agência Fluvial de Guajará-Mirim;AgGMirim;RO;26;1058
Agência Fluvial de Guajará-Mirim;AgGMirim;RO;51;407
Agência Fluvial de Guajará-Mirim;AgGMirim;RO;28;634
Agência Fluvial de Guajará-Mirim;AgGMirim;RO;31;10
Agência Fluvial de Guajará-Mirim;AgGMirim;RO;57;7
Agência Fluvial de Guajará-Mirim;AgGMirim;RO;33;10
Agência Fluvial de Guajará-Mirim;AgGMirim;RO;35;422
Agência Fluvial de Guajará-Mirim;AgGMirim;RO;108;35
Agência Fluvial de Guajará-Mirim;AgGMirim;RO;99;49
Agência Fluvial de Guajará-Mirim;AgGMirim;RO;13;5
Agência Fluvial de Guajará-Mirim;AgGMirim;RO;63;1
Agência Fluvial de Guajará-Mirim;AgGMirim;RO;38;4
Agência Fluvial de Guajará-Mirim;AgGMirim;RO;4;1
Agência Fluvial de Guajará-Mirim;AgGMirim;RO;41;20
Agência Fluvial de Guajará-Mirim;AgGMirim;RO;12;1
Agência Fluvial de Guajará-Mirim;AgGMirim;RO;42;1
Agência Fluvial de Guajará-Mirim;AgGMirim;RO;2;1
Agência Fluvial de Humaitá;AGHMTA;AM;48;7
Agência Fluvial de Humaitá;AGHMTA;AM;53;6
Agência Fluvial de Humaitá;AGHMTA;AM;26;10
Agência Fluvial de Humaitá;AGHMTA;AM;51;76
Agência Fluvial de Humaitá;AGHMTA;AM;10;132
Agência Fluvial de Humaitá;AGHMTA;AM;30;1
Agência Fluvial de Humaitá;AGHMTA;AM;31;816
Agência Fluvial de Humaitá;AGHMTA;AM;57;4
Agência Fluvial de Humaitá;AGHMTA;AM;33;5
Agência Fluvial de Humaitá;AGHMTA;AM;35;61
Agência Fluvial de Humaitá;AGHMTA;AM;13;35
Agência Fluvial de Humaitá;AGHMTA;AM;63;1
Agência Fluvial de Humaitá;AGHMTA;AM;38;8
Agência Fluvial de Humaitá;AGHMTA;AM;41;3
Agência Fluvial de Humaitá;AGHMTA;AM;2;1
Agência Fluvial de Imperatriz;AGIMPE;MA;48;67
Agência Fluvial de Imperatriz;AGIMPE;MA;25;564
Agência Fluvial de Imperatriz;AGIMPE;MA;53;1
Agência Fluvial de Imperatriz;AGIMPE;MA;26;479
Agência Fluvial de Imperatriz;AGIMPE;MA;54;2
Agência Fluvial de Imperatriz;AGIMPE;MA;51;2582
Agência Fluvial de Imperatriz;AGIMPE;MA;10;3
Agência Fluvial de Imperatriz;AGIMPE;MA;28;600
Agência Fluvial de Imperatriz;AGIMPE;MA;31;98
Agência Fluvial de Imperatriz;AGIMPE;MA;57;12
Agência Fluvial de Imperatriz;AGIMPE;MA;32;1
Agência Fluvial de Imperatriz;AGIMPE;MA;33;17
Agência Fluvial de Imperatriz;AGIMPE;MA;7;1
Agência Fluvial de Imperatriz;AGIMPE;MA;59;2
Agência Fluvial de Imperatriz;AGIMPE;MA;34;1
Agência Fluvial de Imperatriz;AGIMPE;MA;105;69
Agência Fluvial de Imperatriz;AGIMPE;MA;35;1383
Agência Fluvial de Imperatriz;AGIMPE;MA;108;729
Agência Fluvial de Imperatriz;AGIMPE;MA;37;6
Agência Fluvial de Imperatriz;AGIMPE;MA;99;28
Agência Fluvial de Imperatriz;AGIMPE;MA;13;9
Agência Fluvial de Imperatriz;AGIMPE;MA;63;226
Agência Fluvial de Imperatriz;AGIMPE;MA;38;4
Agência Fluvial de Imperatriz;AGIMPE;MA;39;1
Agência Fluvial de Imperatriz;AGIMPE;MA;41;60
Agência Fluvial de Imperatriz;AGIMPE;MA;43;1
Agência Fluvial de Itacoatiara;AGITAC;AM;48;48
Agência Fluvial de Itacoatiara;AGITAC;AM;25;2
Agência Fluvial de Itacoatiara;AGITAC;AM;53;1
Agência Fluvial de Itacoatiara;AGITAC;AM;26;65
Agência Fluvial de Itacoatiara;AGITAC;AM;51;165
Agência Fluvial de Itacoatiara;AGITAC;AM;10;542
Agência Fluvial de Itacoatiara;AGITAC;AM;56;1
Agência Fluvial de Itacoatiara;AGITAC;AM;57;29
Agência Fluvial de Itacoatiara;AGITAC;AM;33;36
Agência Fluvial de Itacoatiara;AGITAC;AM;7;10
Agência Fluvial de Itacoatiara;AGITAC;AM;59;2
Agência Fluvial de Itacoatiara;AGITAC;AM;34;2
Agência Fluvial de Itacoatiara;AGITAC;AM;35;351
Agência Fluvial de Itacoatiara;AGITAC;AM;108;14
Agência Fluvial de Itacoatiara;AGITAC;AM;99;23
Agência Fluvial de Itacoatiara;AGITAC;AM;13;268
Agência Fluvial de Itacoatiara;AGITAC;AM;63;198
Agência Fluvial de Itacoatiara;AGITAC;AM;38;179
Agência Fluvial de Itacoatiara;AGITAC;AM;39;2
Agência Fluvial de Itacoatiara;AGITAC;AM;41;159
Agência Fluvial de Itacoatiara;AGITAC;AM;12;1
Agência Fluvial de Itacoatiara;AGITAC;AM;2;6
Agência Fluvial de Itacoatiara;AGITAC;AM;106;4
Agência Fluvial de Juazeiro;AGJUAZ;BA;52;1
Agência Fluvial de Juazeiro;AGJUAZ;BA;48;34
Agência Fluvial de Juazeiro;AGJUAZ;BA;25;395
Agência Fluvial de Juazeiro;AGJUAZ;BA;26;253
Agência Fluvial de Juazeiro;AGJUAZ;BA;27;1
Agência Fluvial de Juazeiro;AGJUAZ;BA;54;2
Agência Fluvial de Juazeiro;AGJUAZ;BA;51;1718
Agência Fluvial de Juazeiro;AGJUAZ;BA;10;17
Agência Fluvial de Juazeiro;AGJUAZ;BA;28;34
Agência Fluvial de Juazeiro;AGJUAZ;BA;30;1
Agência Fluvial de Juazeiro;AGJUAZ;BA;31;8
Agência Fluvial de Juazeiro;AGJUAZ;BA;57;14
Agência Fluvial de Juazeiro;AGJUAZ;BA;32;2
Agência Fluvial de Juazeiro;AGJUAZ;BA;33;1
Agência Fluvial de Juazeiro;AGJUAZ;BA;44;1
Agência Fluvial de Juazeiro;AGJUAZ;BA;34;104
Agência Fluvial de Juazeiro;AGJUAZ;BA;105;10
Agência Fluvial de Juazeiro;AGJUAZ;BA;35;762
Agência Fluvial de Juazeiro;AGJUAZ;BA;108;585
Agência Fluvial de Juazeiro;AGJUAZ;BA;37;2
Agência Fluvial de Juazeiro;AGJUAZ;BA;99;37
Agência Fluvial de Juazeiro;AGJUAZ;BA;13;28
Agência Fluvial de Juazeiro;AGJUAZ;BA;63;23
Agência Fluvial de Juazeiro;AGJUAZ;BA;38;9
Agência Fluvial de Juazeiro;AGJUAZ;BA;41;14
Agência Fluvial de Juazeiro;AGJUAZ;BA;12;1
Agência Fluvial de Juazeiro;AGJUAZ;BA;43;9
Agência Fluvial de Parintins;AGTINS;AM;48;34
Agência Fluvial de Parintins;AGTINS;AM;25;1
Agência Fluvial de Parintins;AGTINS;AM;53;7
Agência Fluvial de Parintins;AGTINS;AM;26;399
Agência Fluvial de Parintins;AGTINS;AM;51;593
Agência Fluvial de Parintins;AGTINS;AM;10;147
Agência Fluvial de Parintins;AGTINS;AM;28;2
Agência Fluvial de Parintins;AGTINS;AM;31;1
Agência Fluvial de Parintins;AGTINS;AM;57;26
Agência Fluvial de Parintins;AGTINS;AM;33;32
Agência Fluvial de Parintins;AGTINS;AM;7;2
Agência Fluvial de Parintins;AGTINS;AM;59;6
Agência Fluvial de Parintins;AGTINS;AM;103;1
Agência Fluvial de Parintins;AGTINS;AM;35;779
Agência Fluvial de Parintins;AGTINS;AM;60;39
Agência Fluvial de Parintins;AGTINS;AM;108;20
Agência Fluvial de Parintins;AGTINS;AM;99;39
Agência Fluvial de Parintins;AGTINS;AM;13;605
Agência Fluvial de Parintins;AGTINS;AM;63;872
Agência Fluvial de Parintins;AGTINS;AM;38;279
Agência Fluvial de Parintins;AGTINS;AM;4;5
Agência Fluvial de Parintins;AGTINS;AM;41;25
Agência Fluvial de Parintins;AGTINS;AM;12;3
Agência Fluvial de Parintins;AGTINS;AM;2;7
Agência Fluvial de Parintins;AGTINS;AM;106;1
Agência Fluvial de Penedo;AGNEDO;AL;48;14
Agência Fluvial de Penedo;AGNEDO;AL;25;6
Agência Fluvial de Penedo;AGNEDO;AL;26;112
Agência Fluvial de Penedo;AGNEDO;AL;54;1
Agência Fluvial de Penedo;AGNEDO;AL;51;1271
Agência Fluvial de Penedo;AGNEDO;AL;57;2
Agência Fluvial de Penedo;AGNEDO;AL;32;3
Agência Fluvial de Penedo;AGNEDO;AL;33;6
Agência Fluvial de Penedo;AGNEDO;AL;34;59
Agência Fluvial de Penedo;AGNEDO;AL;105;2
Agência Fluvial de Penedo;AGNEDO;AL;35;433
Agência Fluvial de Penedo;AGNEDO;AL;60;1
Agência Fluvial de Penedo;AGNEDO;AL;108;43
Agência Fluvial de Penedo;AGNEDO;AL;37;16
Agência Fluvial de Penedo;AGNEDO;AL;99;2300
Agência Fluvial de Penedo;AGNEDO;AL;63;4
Agência Fluvial de Penedo;AGNEDO;AL;38;132
Agência Fluvial de Penedo;AGNEDO;AL;41;2
Agência Fluvial de Penedo;AGNEDO;AL;42;1
Agência Fluvial de Penedo;AGNEDO;AL;43;34
Agência Fluvial de Porto Murtinho;AGMURT;MS;48;10
Agência Fluvial de Porto Murtinho;AGMURT;MS;25;2
Agência Fluvial de Porto Murtinho;AGMURT;MS;53;1
Agência Fluvial de Porto Murtinho;AGMURT;MS;26;5139
Agência Fluvial de Porto Murtinho;AGMURT;MS;55;2
Agência Fluvial de Porto Murtinho;AGMURT;MS;51;6
Agência Fluvial de Porto Murtinho;AGMURT;MS;28;22
Agência Fluvial de Porto Murtinho;AGMURT;MS;56;1
Agência Fluvial de Porto Murtinho;AGMURT;MS;31;10
Agência Fluvial de Porto Murtinho;AGMURT;MS;33;9
Agência Fluvial de Porto Murtinho;AGMURT;MS;44;4
Agência Fluvial de Porto Murtinho;AGMURT;MS;35;839
Agência Fluvial de Porto Murtinho;AGMURT;MS;108;282
Agência Fluvial de Porto Murtinho;AGMURT;MS;99;935
Agência Fluvial de Porto Murtinho;AGMURT;MS;13;19
Agência Fluvial de Porto Murtinho;AGMURT;MS;63;1
Agência Fluvial de Porto Murtinho;AGMURT;MS;41;4
Agência Fluvial de Porto Murtinho;AGMURT;MS;43;1
Agência Fluvial de São Felix do Araguaia;AGELIX;MT;48;92
Agência Fluvial de São Felix do Araguaia;AGELIX;MT;25;8
Agência Fluvial de São Felix do Araguaia;AGELIX;MT;53;1
Agência Fluvial de São Felix do Araguaia;AGELIX;MT;26;254
Agência Fluvial de São Felix do Araguaia;AGELIX;MT;51;2556
Agência Fluvial de São Felix do Araguaia;AGELIX;MT;10;2
Agência Fluvial de São Felix do Araguaia;AGELIX;MT;28;374
Agência Fluvial de São Felix do Araguaia;AGELIX;MT;30;1
Agência Fluvial de São Felix do Araguaia;AGELIX;MT;31;5
Agência Fluvial de São Felix do Araguaia;AGELIX;MT;57;4
Agência Fluvial de São Felix do Araguaia;AGELIX;MT;33;36
Agência Fluvial de São Felix do Araguaia;AGELIX;MT;44;1
Agência Fluvial de São Felix do Araguaia;AGELIX;MT;105;22
Agência Fluvial de São Felix do Araguaia;AGELIX;MT;35;588
Agência Fluvial de São Felix do Araguaia;AGELIX;MT;108;311
Agência Fluvial de São Felix do Araguaia;AGELIX;MT;99;11
Agência Fluvial de São Felix do Araguaia;AGELIX;MT;13;9
Agência Fluvial de São Felix do Araguaia;AGELIX;MT;63;2
Agência Fluvial de São Felix do Araguaia;AGELIX;MT;43;2
Agência Fluvial de Tefé;AGTEFE;AM;23;1
Agência Fluvial de Tefé;AGTEFE;AM;48;65
Agência Fluvial de Tefé;AGTEFE;AM;53;259
Agência Fluvial de Tefé;AGTEFE;AM;26;176
Agência Fluvial de Tefé;AGTEFE;AM;51;53
Agência Fluvial de Tefé;AGTEFE;AM;10;147
Agência Fluvial de Tefé;AGTEFE;AM;31;15
Agência Fluvial de Tefé;AGTEFE;AM;57;62
Agência Fluvial de Tefé;AGTEFE;AM;33;111
Agência Fluvial de Tefé;AGTEFE;AM;7;6
Agência Fluvial de Tefé;AGTEFE;AM;105;3
Agência Fluvial de Tefé;AGTEFE;AM;35;475
Agência Fluvial de Tefé;AGTEFE;AM;108;8
Agência Fluvial de Tefé;AGTEFE;AM;99;279
Agência Fluvial de Tefé;AGTEFE;AM;13;55
Agência Fluvial de Tefé;AGTEFE;AM;63;46
Agência Fluvial de Tefé;AGTEFE;AM;38;172
Agência Fluvial de Tefé;AGTEFE;AM;39;2
Agência Fluvial de Tefé;AGTEFE;AM;41;118
Capitania dos Portos da Amazônia Oriental;CPBLEM;PA;23;2
Capitania dos Portos da Amazônia Oriental;CPBLEM;PA;109;1
Capitania dos Portos da Amazônia Oriental;CPBLEM;PA;107;11
Capitania dos Portos da Amazônia Oriental;CPBLEM;PA;52;2
Capitania dos Portos da Amazônia Oriental;CPBLEM;PA;48;549
Capitania dos Portos da Amazônia Oriental;CPBLEM;PA;25;327
Capitania dos Portos da Amazônia Oriental;CPBLEM;PA;26;18
Capitania dos Portos da Amazônia Oriental;CPBLEM;PA;27;3
Capitania dos Portos da Amazônia Oriental;CPBLEM;PA;51;59
Capitania dos Portos da Amazônia Oriental;CPBLEM;PA;10;1841
Capitania dos Portos da Amazônia Oriental;CPBLEM;PA;28;23
Capitania dos Portos da Amazônia Oriental;CPBLEM;PA;56;1
Capitania dos Portos da Amazônia Oriental;CPBLEM;PA;31;20
Capitania dos Portos da Amazônia Oriental;CPBLEM;PA;57;149
Capitania dos Portos da Amazônia Oriental;CPBLEM;PA;32;4
Capitania dos Portos da Amazônia Oriental;CPBLEM;PA;33;64
Capitania dos Portos da Amazônia Oriental;CPBLEM;PA;7;17
Capitania dos Portos da Amazônia Oriental;CPBLEM;PA;44;2
Capitania dos Portos da Amazônia Oriental;CPBLEM;PA;59;17
Capitania dos Portos da Amazônia Oriental;CPBLEM;PA;34;1
Capitania dos Portos da Amazônia Oriental;CPBLEM;PA;105;15
Capitania dos Portos da Amazônia Oriental;CPBLEM;PA;35;2679
Capitania dos Portos da Amazônia Oriental;CPBLEM;PA;100;1
Capitania dos Portos da Amazônia Oriental;CPBLEM;PA;108;1297
Capitania dos Portos da Amazônia Oriental;CPBLEM;PA;37;2
Capitania dos Portos da Amazônia Oriental;CPBLEM;PA;99;134
Capitania dos Portos da Amazônia Oriental;CPBLEM;PA;13;956
Capitania dos Portos da Amazônia Oriental;CPBLEM;PA;63;3441
Capitania dos Portos da Amazônia Oriental;CPBLEM;PA;38;5774
Capitania dos Portos da Amazônia Oriental;CPBLEM;PA;39;4
Capitania dos Portos da Amazônia Oriental;CPBLEM;PA;4;6
Capitania dos Portos da Amazônia Oriental;CPBLEM;PA;8;3
Capitania dos Portos da Amazônia Oriental;CPBLEM;PA;41;479
Capitania dos Portos da Amazônia Oriental;CPBLEM;PA;9;2
Capitania dos Portos da Amazônia Oriental;CPBLEM;PA;12;26
Capitania dos Portos da Amazônia Oriental;CPBLEM;PA;42;2
Capitania dos Portos da Amazônia Oriental;CPBLEM;PA;106;7
Capitania dos Portos da Amazônia Oriental;CPBLEM;PA;43;22
Capitania dos Portos da Bahia;CPSALV;BA;52;2
Capitania dos Portos da Bahia;CPSALV;BA;48;97
Capitania dos Portos da Bahia;CPSALV;BA;25;185
Capitania dos Portos da Bahia;CPSALV;BA;26;1209
Capitania dos Portos da Bahia;CPSALV;BA;27;5
Capitania dos Portos da Bahia;CPSALV;BA;55;3
Capitania dos Portos da Bahia;CPSALV;BA;54;3
Capitania dos Portos da Bahia;CPSALV;BA;51;1810
Capitania dos Portos da Bahia;CPSALV;BA;10;2
Capitania dos Portos da Bahia;CPSALV;BA;28;90
Capitania dos Portos da Bahia;CPSALV;BA;31;15
Capitania dos Portos da Bahia;CPSALV;BA;57;6
Capitania dos Portos da Bahia;CPSALV;BA;32;220
Capitania dos Portos da Bahia;CPSALV;BA;33;90
Capitania dos Portos da Bahia;CPSALV;BA;44;1
Capitania dos Portos da Bahia;CPSALV;BA;59;92
Capitania dos Portos da Bahia;CPSALV;BA;34;163
Capitania dos Portos da Bahia;CPSALV;BA;105;17
Capitania dos Portos da Bahia;CPSALV;BA;103;2
Capitania dos Portos da Bahia;CPSALV;BA;35;6392
Capitania dos Portos da Bahia;CPSALV;BA;60;1
Capitania dos Portos da Bahia;CPSALV;BA;47;2
Capitania dos Portos da Bahia;CPSALV;BA;100;1
Capitania dos Portos da Bahia;CPSALV;BA;108;2822
Capitania dos Portos da Bahia;CPSALV;BA;37;47
Capitania dos Portos da Bahia;CPSALV;BA;99;694
Capitania dos Portos da Bahia;CPSALV;BA;13;3
Capitania dos Portos da Bahia;CPSALV;BA;38;52
Capitania dos Portos da Bahia;CPSALV;BA;39;1
Capitania dos Portos da Bahia;CPSALV;BA;4;29
Capitania dos Portos da Bahia;CPSALV;BA;111;1
Capitania dos Portos da Bahia;CPSALV;BA;18;2
Capitania dos Portos da Bahia;CPSALV;BA;8;4
Capitania dos Portos da Bahia;CPSALV;BA;6;1
Capitania dos Portos da Bahia;CPSALV;BA;110;1
Capitania dos Portos da Bahia;CPSALV;BA;41;27
Capitania dos Portos da Bahia;CPSALV;BA;12;12
Capitania dos Portos da Bahia;CPSALV;BA;42;5877
Capitania dos Portos da Bahia;CPSALV;BA;2;2
Capitania dos Portos da Bahia;CPSALV;BA;46;9
Capitania dos Portos da Bahia;CPSALV;BA;106;1
Capitania dos Portos da Bahia;CPSALV;BA;43;758
Capitania dos Portos da Paraíba;CPSSOA;PB;48;8
Capitania dos Portos da Paraíba;CPSSOA;PB;25;1
Capitania dos Portos da Paraíba;CPSSOA;PB;26;832
Capitania dos Portos da Paraíba;CPSSOA;PB;27;1
Capitania dos Portos da Paraíba;CPSSOA;PB;55;2
Capitania dos Portos da Paraíba;CPSSOA;PB;54;14
Capitania dos Portos da Paraíba;CPSSOA;PB;51;1529
Capitania dos Portos da Paraíba;CPSSOA;PB;28;4
Capitania dos Portos da Paraíba;CPSSOA;PB;31;5
Capitania dos Portos da Paraíba;CPSSOA;PB;57;2
Capitania dos Portos da Paraíba;CPSSOA;PB;33;37
Capitania dos Portos da Paraíba;CPSSOA;PB;44;1
Capitania dos Portos da Paraíba;CPSSOA;PB;34;1631
Capitania dos Portos da Paraíba;CPSSOA;PB;105;26
Capitania dos Portos da Paraíba;CPSSOA;PB;35;858
Capitania dos Portos da Paraíba;CPSSOA;PB;108;1413
Capitania dos Portos da Paraíba;CPSSOA;PB;37;50
Capitania dos Portos da Paraíba;CPSSOA;PB;99;36
Capitania dos Portos da Paraíba;CPSSOA;PB;13;1
Capitania dos Portos da Paraíba;CPSSOA;PB;38;21
Capitania dos Portos da Paraíba;CPSSOA;PB;41;5
Capitania dos Portos da Paraíba;CPSSOA;PB;42;1
Capitania dos Portos da Paraíba;CPSSOA;PB;46;2
Capitania dos Portos da Paraíba;CPSSOA;PB;43;170
Capitania dos Portos de Alagoas;CPCEIO;AL;107;2
Capitania dos Portos de Alagoas;CPCEIO;AL;48;18
Capitania dos Portos de Alagoas;CPCEIO;AL;25;2
Capitania dos Portos de Alagoas;CPCEIO;AL;53;1
Capitania dos Portos de Alagoas;CPCEIO;AL;26;1073
Capitania dos Portos de Alagoas;CPCEIO;AL;55;1
Capitania dos Portos de Alagoas;CPCEIO;AL;54;5
Capitania dos Portos de Alagoas;CPCEIO;AL;51;1216
Capitania dos Portos de Alagoas;CPCEIO;AL;28;9
Capitania dos Portos de Alagoas;CPCEIO;AL;31;18
Capitania dos Portos de Alagoas;CPCEIO;AL;32;14
Capitania dos Portos de Alagoas;CPCEIO;AL;33;9
Capitania dos Portos de Alagoas;CPCEIO;AL;44;3
Capitania dos Portos de Alagoas;CPCEIO;AL;59;4
Capitania dos Portos de Alagoas;CPCEIO;AL;34;2964
Capitania dos Portos de Alagoas;CPCEIO;AL;105;11
Capitania dos Portos de Alagoas;CPCEIO;AL;35;1352
Capitania dos Portos de Alagoas;CPCEIO;AL;60;4
Capitania dos Portos de Alagoas;CPCEIO;AL;108;1175
Capitania dos Portos de Alagoas;CPCEIO;AL;37;109
Capitania dos Portos de Alagoas;CPCEIO;AL;99;635
Capitania dos Portos de Alagoas;CPCEIO;AL;13;1
Capitania dos Portos de Alagoas;CPCEIO;AL;38;22
Capitania dos Portos de Alagoas;CPCEIO;AL;4;2
Capitania dos Portos de Alagoas;CPCEIO;AL;41;2
Capitania dos Portos de Alagoas;CPCEIO;AL;42;1
Capitania dos Portos de Alagoas;CPCEIO;AL;45;2
Capitania dos Portos de Alagoas;CPCEIO;AL;2;1
Capitania dos Portos de Alagoas;CPCEIO;AL;46;2
Capitania dos Portos de Alagoas;CPCEIO;AL;43;46
Capitania dos Portos de Pernambuco;CPCIFE;PE;52;1
Capitania dos Portos de Pernambuco;CPCIFE;PE;48;18
Capitania dos Portos de Pernambuco;CPCIFE;PE;25;103
Capitania dos Portos de Pernambuco;CPCIFE;PE;26;1237
Capitania dos Portos de Pernambuco;CPCIFE;PE;54;1
Capitania dos Portos de Pernambuco;CPCIFE;PE;51;60
Capitania dos Portos de Pernambuco;CPCIFE;PE;10;8
Capitania dos Portos de Pernambuco;CPCIFE;PE;28;4
Capitania dos Portos de Pernambuco;CPCIFE;PE;30;1
Capitania dos Portos de Pernambuco;CPCIFE;PE;31;130
Capitania dos Portos de Pernambuco;CPCIFE;PE;57;1
Capitania dos Portos de Pernambuco;CPCIFE;PE;32;4
Capitania dos Portos de Pernambuco;CPCIFE;PE;33;41
Capitania dos Portos de Pernambuco;CPCIFE;PE;44;1
Capitania dos Portos de Pernambuco;CPCIFE;PE;59;8
Capitania dos Portos de Pernambuco;CPCIFE;PE;34;3518
Capitania dos Portos de Pernambuco;CPCIFE;PE;105;72
Capitania dos Portos de Pernambuco;CPCIFE;PE;103;1
Capitania dos Portos de Pernambuco;CPCIFE;PE;35;2932
Capitania dos Portos de Pernambuco;CPCIFE;PE;108;2119
Capitania dos Portos de Pernambuco;CPCIFE;PE;37;81
Capitania dos Portos de Pernambuco;CPCIFE;PE;62;1
Capitania dos Portos de Pernambuco;CPCIFE;PE;99;913
Capitania dos Portos de Pernambuco;CPCIFE;PE;13;14
Capitania dos Portos de Pernambuco;CPCIFE;PE;38;71
Capitania dos Portos de Pernambuco;CPCIFE;PE;39;1
Capitania dos Portos de Pernambuco;CPCIFE;PE;4;6
Capitania dos Portos de Pernambuco;CPCIFE;PE;111;1
Capitania dos Portos de Pernambuco;CPCIFE;PE;1;1
Capitania dos Portos de Pernambuco;CPCIFE;PE;8;1
Capitania dos Portos de Pernambuco;CPCIFE;PE;6;1
Capitania dos Portos de Pernambuco;CPCIFE;PE;41;3
Capitania dos Portos de Pernambuco;CPCIFE;PE;12;1
Capitania dos Portos de Pernambuco;CPCIFE;PE;42;1
Capitania dos Portos de Pernambuco;CPCIFE;PE;2;3
Capitania dos Portos de Pernambuco;CPCIFE;PE;46;3
Capitania dos Portos de Pernambuco;CPCIFE;PE;106;1
Capitania dos Portos de Pernambuco;CPCIFE;PE;43;223
Capitania dos Portos de Santa Catarina;CPFPOL;SC;23;2
Capitania dos Portos de Santa Catarina;CPFPOL;SC;48;166
Capitania dos Portos de Santa Catarina;CPFPOL;SC;25;8
Capitania dos Portos de Santa Catarina;CPFPOL;SC;53;6
Capitania dos Portos de Santa Catarina;CPFPOL;SC;26;5264
Capitania dos Portos de Santa Catarina;CPFPOL;SC;55;11
Capitania dos Portos de Santa Catarina;CPFPOL;SC;54;4
Capitania dos Portos de Santa Catarina;CPFPOL;SC;51;697
Capitania dos Portos de Santa Catarina;CPFPOL;SC;28;42
Capitania dos Portos de Santa Catarina;CPFPOL;SC;31;19
Capitania dos Portos de Santa Catarina;CPFPOL;SC;32;37
Capitania dos Portos de Santa Catarina;CPFPOL;SC;33;46
Capitania dos Portos de Santa Catarina;CPFPOL;SC;44;2
Capitania dos Portos de Santa Catarina;CPFPOL;SC;59;6
Capitania dos Portos de Santa Catarina;CPFPOL;SC;105;24
Capitania dos Portos de Santa Catarina;CPFPOL;SC;103;2
Capitania dos Portos de Santa Catarina;CPFPOL;SC;35;6508
Capitania dos Portos de Santa Catarina;CPFPOL;SC;60;1
Capitania dos Portos de Santa Catarina;CPFPOL;SC;108;3010
Capitania dos Portos de Santa Catarina;CPFPOL;SC;37;15
Capitania dos Portos de Santa Catarina;CPFPOL;SC;99;2069
Capitania dos Portos de Santa Catarina;CPFPOL;SC;13;11
Capitania dos Portos de Santa Catarina;CPFPOL;SC;63;1
Capitania dos Portos de Santa Catarina;CPFPOL;SC;38;1199
Capitania dos Portos de Santa Catarina;CPFPOL;SC;39;3
Capitania dos Portos de Santa Catarina;CPFPOL;SC;41;12
Capitania dos Portos de Santa Catarina;CPFPOL;SC;42;3
Capitania dos Portos de Santa Catarina;CPFPOL;SC;46;13
Capitania dos Portos de Santa Catarina;CPFPOL;SC;43;515
Capitania dos Portos de São Paulo;CPSANT;SP;109;1
Capitania dos Portos de São Paulo;CPSANT;SP;102;1
Capitania dos Portos de São Paulo;CPSANT;SP;48;243
Capitania dos Portos de São Paulo;CPSANT;SP;25;55
Capitania dos Portos de São Paulo;CPSANT;SP;53;47
Capitania dos Portos de São Paulo;CPSANT;SP;26;25313
Capitania dos Portos de São Paulo;CPSANT;SP;27;10
Capitania dos Portos de São Paulo;CPSANT;SP;55;6
Capitania dos Portos de São Paulo;CPSANT;SP;54;2
Capitania dos Portos de São Paulo;CPSANT;SP;51;946
Capitania dos Portos de São Paulo;CPSANT;SP;10;4
Capitania dos Portos de São Paulo;CPSANT;SP;28;811
Capitania dos Portos de São Paulo;CPSANT;SP;30;1
Capitania dos Portos de São Paulo;CPSANT;SP;31;541
Capitania dos Portos de São Paulo;CPSANT;SP;57;18
Capitania dos Portos de São Paulo;CPSANT;SP;32;31
Capitania dos Portos de São Paulo;CPSANT;SP;24;1
Capitania dos Portos de São Paulo;CPSANT;SP;33;687
Capitania dos Portos de São Paulo;CPSANT;SP;7;2
Capitania dos Portos de São Paulo;CPSANT;SP;50;2
Capitania dos Portos de São Paulo;CPSANT;SP;44;13
Capitania dos Portos de São Paulo;CPSANT;SP;59;24
Capitania dos Portos de São Paulo;CPSANT;SP;34;87
Capitania dos Portos de São Paulo;CPSANT;SP;105;159
Capitania dos Portos de São Paulo;CPSANT;SP;103;3
Capitania dos Portos de São Paulo;CPSANT;SP;35;20580
Capitania dos Portos de São Paulo;CPSANT;SP;60;3
Capitania dos Portos de São Paulo;CPSANT;SP;108;21358
Capitania dos Portos de São Paulo;CPSANT;SP;37;48
Capitania dos Portos de São Paulo;CPSANT;SP;62;2
Capitania dos Portos de São Paulo;CPSANT;SP;99;17716
Capitania dos Portos de São Paulo;CPSANT;SP;13;9
Capitania dos Portos de São Paulo;CPSANT;SP;38;247
Capitania dos Portos de São Paulo;CPSANT;SP;39;3
Capitania dos Portos de São Paulo;CPSANT;SP;4;4
Capitania dos Portos de São Paulo;CPSANT;SP;111;1
Capitania dos Portos de São Paulo;CPSANT;SP;8;1
Capitania dos Portos de São Paulo;CPSANT;SP;6;1
Capitania dos Portos de São Paulo;CPSANT;SP;41;145
Capitania dos Portos de São Paulo;CPSANT;SP;9;1
Capitania dos Portos de São Paulo;CPSANT;SP;12;20
Capitania dos Portos de São Paulo;CPSANT;SP;42;14
Capitania dos Portos de São Paulo;CPSANT;SP;45;2
Capitania dos Portos de São Paulo;CPSANT;SP;2;1
Capitania dos Portos de São Paulo;CPSANT;SP;46;37
Capitania dos Portos de São Paulo;CPSANT;SP;43;2454
Capitania dos Portos de Sergipe;CPCAJU;SE;52;1
Capitania dos Portos de Sergipe;CPCAJU;SE;48;19
Capitania dos Portos de Sergipe;CPCAJU;SE;26;701
Capitania dos Portos de Sergipe;CPCAJU;SE;55;1
Capitania dos Portos de Sergipe;CPCAJU;SE;51;234
Capitania dos Portos de Sergipe;CPCAJU;SE;28;3
Capitania dos Portos de Sergipe;CPCAJU;SE;31;2
Capitania dos Portos de Sergipe;CPCAJU;SE;32;6
Capitania dos Portos de Sergipe;CPCAJU;SE;33;6
Capitania dos Portos de Sergipe;CPCAJU;SE;59;1
Capitania dos Portos de Sergipe;CPCAJU;SE;34;336
Capitania dos Portos de Sergipe;CPCAJU;SE;105;10
Capitania dos Portos de Sergipe;CPCAJU;SE;35;901
Capitania dos Portos de Sergipe;CPCAJU;SE;108;852
Capitania dos Portos de Sergipe;CPCAJU;SE;37;11
Capitania dos Portos de Sergipe;CPCAJU;SE;99;709
Capitania dos Portos de Sergipe;CPCAJU;SE;13;13
Capitania dos Portos de Sergipe;CPCAJU;SE;63;1
Capitania dos Portos de Sergipe;CPCAJU;SE;38;112
Capitania dos Portos de Sergipe;CPCAJU;SE;39;3
Capitania dos Portos de Sergipe;CPCAJU;SE;17;1
Capitania dos Portos de Sergipe;CPCAJU;SE;41;4
Capitania dos Portos de Sergipe;CPCAJU;SE;42;2
Capitania dos Portos de Sergipe;CPCAJU;SE;46;1
Capitania dos Portos de Sergipe;CPCAJU;SE;43;19
Capitania dos Portos do Amapá;CPSTNA;AP;23;1
Capitania dos Portos do Amapá;CPSTNA;AP;107;3
Capitania dos Portos do Amapá;CPSTNA;AP;48;82
Capitania dos Portos do Amapá;CPSTNA;AP;25;1037
Capitania dos Portos do Amapá;CPSTNA;AP;53;1
Capitania dos Portos do Amapá;CPSTNA;AP;26;11
Capitania dos Portos do Amapá;CPSTNA;AP;27;1
Capitania dos Portos do Amapá;CPSTNA;AP;51;1022
Capitania dos Portos do Amapá;CPSTNA;AP;10;2348
Capitania dos Portos do Amapá;CPSTNA;AP;28;1
Capitania dos Portos do Amapá;CPSTNA;AP;56;6
Capitania dos Portos do Amapá;CPSTNA;AP;31;4
Capitania dos Portos do Amapá;CPSTNA;AP;57;26
Capitania dos Portos do Amapá;CPSTNA;AP;33;16
Capitania dos Portos do Amapá;CPSTNA;AP;59;28
Capitania dos Portos do Amapá;CPSTNA;AP;34;2
Capitania dos Portos do Amapá;CPSTNA;AP;105;8
Capitania dos Portos do Amapá;CPSTNA;AP;35;2325
Capitania dos Portos do Amapá;CPSTNA;AP;108;265
Capitania dos Portos do Amapá;CPSTNA;AP;37;1
Capitania dos Portos do Amapá;CPSTNA;AP;99;45
Capitania dos Portos do Amapá;CPSTNA;AP;13;300
Capitania dos Portos do Amapá;CPSTNA;AP;63;2588
Capitania dos Portos do Amapá;CPSTNA;AP;20;4
Capitania dos Portos do Amapá;CPSTNA;AP;38;1250
Capitania dos Portos do Amapá;CPSTNA;AP;4;3
Capitania dos Portos do Amapá;CPSTNA;AP;41;20
Capitania dos Portos do Amapá;CPSTNA;AP;9;1
Capitania dos Portos do Amapá;CPSTNA;AP;12;26
Capitania dos Portos do Amapá;CPSTNA;AP;2;3
Capitania dos Portos do Amapá;CPSTNA;AP;43;4
Capitania dos Portos do Ceará;CPFTZA;CE;23;1
Capitania dos Portos do Ceará;CPFTZA;CE;48;36
Capitania dos Portos do Ceará;CPFTZA;CE;25;8
Capitania dos Portos do Ceará;CPFTZA;CE;53;3
Capitania dos Portos do Ceará;CPFTZA;CE;26;433
Capitania dos Portos do Ceará;CPFTZA;CE;51;1003
Capitania dos Portos do Ceará;CPFTZA;CE;10;1
Capitania dos Portos do Ceará;CPFTZA;CE;28;1
Capitania dos Portos do Ceará;CPFTZA;CE;31;1
Capitania dos Portos do Ceará;CPFTZA;CE;32;3
Capitania dos Portos do Ceará;CPFTZA;CE;33;6
Capitania dos Portos do Ceará;CPFTZA;CE;44;1
Capitania dos Portos do Ceará;CPFTZA;CE;59;10
Capitania dos Portos do Ceará;CPFTZA;CE;34;1487
Capitania dos Portos do Ceará;CPFTZA;CE;105;10
Capitania dos Portos do Ceará;CPFTZA;CE;103;1
Capitania dos Portos do Ceará;CPFTZA;CE;35;1096
Capitania dos Portos do Ceará;CPFTZA;CE;108;978
Capitania dos Portos do Ceará;CPFTZA;CE;37;42
Capitania dos Portos do Ceará;CPFTZA;CE;99;89
Capitania dos Portos do Ceará;CPFTZA;CE;13;7
Capitania dos Portos do Ceará;CPFTZA;CE;63;1
Capitania dos Portos do Ceará;CPFTZA;CE;38;659
Capitania dos Portos do Ceará;CPFTZA;CE;41;10
Capitania dos Portos do Ceará;CPFTZA;CE;42;1
Capitania dos Portos do Ceará;CPFTZA;CE;45;6
Capitania dos Portos do Ceará;CPFTZA;CE;106;2
Capitania dos Portos do Ceará;CPFTZA;CE;43;51
Capitania dos Portos do Espírito Santo;CPVITO;ES;109;1
Capitania dos Portos do Espírito Santo;CPVITO;ES;107;1
Capitania dos Portos do Espírito Santo;CPVITO;ES;52;3
Capitania dos Portos do Espírito Santo;CPVITO;ES;48;131
Capitania dos Portos do Espírito Santo;CPVITO;ES;25;40
Capitania dos Portos do Espírito Santo;CPVITO;ES;53;6
Capitania dos Portos do Espírito Santo;CPVITO;ES;26;8578
Capitania dos Portos do Espírito Santo;CPVITO;ES;27;7
Capitania dos Portos do Espírito Santo;CPVITO;ES;55;16
Capitania dos Portos do Espírito Santo;CPVITO;ES;54;5
Capitania dos Portos do Espírito Santo;CPVITO;ES;51;1150
Capitania dos Portos do Espírito Santo;CPVITO;ES;10;2
Capitania dos Portos do Espírito Santo;CPVITO;ES;28;73
Capitania dos Portos do Espírito Santo;CPVITO;ES;31;61
Capitania dos Portos do Espírito Santo;CPVITO;ES;32;21
Capitania dos Portos do Espírito Santo;CPVITO;ES;33;66
Capitania dos Portos do Espírito Santo;CPVITO;ES;7;1
Capitania dos Portos do Espírito Santo;CPVITO;ES;44;1
Capitania dos Portos do Espírito Santo;CPVITO;ES;59;1
Capitania dos Portos do Espírito Santo;CPVITO;ES;34;13
Capitania dos Portos do Espírito Santo;CPVITO;ES;105;8
Capitania dos Portos do Espírito Santo;CPVITO;ES;103;1
Capitania dos Portos do Espírito Santo;CPVITO;ES;35;2931
Capitania dos Portos do Espírito Santo;CPVITO;ES;47;1
Capitania dos Portos do Espírito Santo;CPVITO;ES;108;3280
Capitania dos Portos do Espírito Santo;CPVITO;ES;37;6
Capitania dos Portos do Espírito Santo;CPVITO;ES;61;1
Capitania dos Portos do Espírito Santo;CPVITO;ES;99;1778
Capitania dos Portos do Espírito Santo;CPVITO;ES;13;8
Capitania dos Portos do Espírito Santo;CPVITO;ES;20;1
Capitania dos Portos do Espírito Santo;CPVITO;ES;38;484
Capitania dos Portos do Espírito Santo;CPVITO;ES;39;3
Capitania dos Portos do Espírito Santo;CPVITO;ES;18;1
Capitania dos Portos do Espírito Santo;CPVITO;ES;41;24
Capitania dos Portos do Espírito Santo;CPVITO;ES;9;1
Capitania dos Portos do Espírito Santo;CPVITO;ES;42;51
Capitania dos Portos do Espírito Santo;CPVITO;ES;45;2
Capitania dos Portos do Espírito Santo;CPVITO;ES;2;1
Capitania dos Portos do Espírito Santo;CPVITO;ES;46;33
Capitania dos Portos do Espírito Santo;CPVITO;ES;43;162
Capitania dos Portos do Maranhão;CPLUIZ;MA;23;1
Capitania dos Portos do Maranhão;CPLUIZ;MA;107;1
Capitania dos Portos do Maranhão;CPLUIZ;MA;48;34
Capitania dos Portos do Maranhão;CPLUIZ;MA;25;170
Capitania dos Portos do Maranhão;CPLUIZ;MA;53;2
Capitania dos Portos do Maranhão;CPLUIZ;MA;26;252
Capitania dos Portos do Maranhão;CPLUIZ;MA;51;45
Capitania dos Portos do Maranhão;CPLUIZ;MA;10;93
Capitania dos Portos do Maranhão;CPLUIZ;MA;28;15
Capitania dos Portos do Maranhão;CPLUIZ;MA;31;7
Capitania dos Portos do Maranhão;CPLUIZ;MA;57;13
Capitania dos Portos do Maranhão;CPLUIZ;MA;32;3
Capitania dos Portos do Maranhão;CPLUIZ;MA;33;28
Capitania dos Portos do Maranhão;CPLUIZ;MA;7;5
Capitania dos Portos do Maranhão;CPLUIZ;MA;44;1
Capitania dos Portos do Maranhão;CPLUIZ;MA;59;1
Capitania dos Portos do Maranhão;CPLUIZ;MA;34;3
Capitania dos Portos do Maranhão;CPLUIZ;MA;105;10
Capitania dos Portos do Maranhão;CPLUIZ;MA;103;1
Capitania dos Portos do Maranhão;CPLUIZ;MA;35;1397
Capitania dos Portos do Maranhão;CPLUIZ;MA;108;689
Capitania dos Portos do Maranhão;CPLUIZ;MA;37;78
Capitania dos Portos do Maranhão;CPLUIZ;MA;99;506
Capitania dos Portos do Maranhão;CPLUIZ;MA;13;209
Capitania dos Portos do Maranhão;CPLUIZ;MA;63;85
Capitania dos Portos do Maranhão;CPLUIZ;MA;20;2
Capitania dos Portos do Maranhão;CPLUIZ;MA;38;2460
Capitania dos Portos do Maranhão;CPLUIZ;MA;39;5
Capitania dos Portos do Maranhão;CPLUIZ;MA;4;26
Capitania dos Portos do Maranhão;CPLUIZ;MA;18;2
Capitania dos Portos do Maranhão;CPLUIZ;MA;6;1
Capitania dos Portos do Maranhão;CPLUIZ;MA;41;22
Capitania dos Portos do Maranhão;CPLUIZ;MA;12;8
Capitania dos Portos do Maranhão;CPLUIZ;MA;22;1
Capitania dos Portos do Maranhão;CPLUIZ;MA;45;3
Capitania dos Portos do Maranhão;CPLUIZ;MA;2;4
Capitania dos Portos do Maranhão;CPLUIZ;MA;43;74
Capitania dos Portos do Paraná;CPAGUA;PR;23;1
Capitania dos Portos do Paraná;CPAGUA;PR;52;1
Capitania dos Portos do Paraná;CPAGUA;PR;48;36
Capitania dos Portos do Paraná;CPAGUA;PR;25;12
Capitania dos Portos do Paraná;CPAGUA;PR;53;2
Capitania dos Portos do Paraná;CPAGUA;PR;26;7430
Capitania dos Portos do Paraná;CPAGUA;PR;55;3
Capitania dos Portos do Paraná;CPAGUA;PR;54;2
Capitania dos Portos do Paraná;CPAGUA;PR;51;2974
Capitania dos Portos do Paraná;CPAGUA;PR;28;45
Capitania dos Portos do Paraná;CPAGUA;PR;30;1
Capitania dos Portos do Paraná;CPAGUA;PR;31;36
Capitania dos Portos do Paraná;CPAGUA;PR;57;4
Capitania dos Portos do Paraná;CPAGUA;PR;32;13
Capitania dos Portos do Paraná;CPAGUA;PR;33;19
Capitania dos Portos do Paraná;CPAGUA;PR;44;2
Capitania dos Portos do Paraná;CPAGUA;PR;59;2
Capitania dos Portos do Paraná;CPAGUA;PR;34;5
Capitania dos Portos do Paraná;CPAGUA;PR;105;11
Capitania dos Portos do Paraná;CPAGUA;PR;103;3
Capitania dos Portos do Paraná;CPAGUA;PR;35;9826
Capitania dos Portos do Paraná;CPAGUA;PR;60;1
Capitania dos Portos do Paraná;CPAGUA;PR;108;2639
Capitania dos Portos do Paraná;CPAGUA;PR;37;3
Capitania dos Portos do Paraná;CPAGUA;PR;99;4309
Capitania dos Portos do Paraná;CPAGUA;PR;13;21
Capitania dos Portos do Paraná;CPAGUA;PR;63;2
Capitania dos Portos do Paraná;CPAGUA;PR;38;143
Capitania dos Portos do Paraná;CPAGUA;PR;4;1
Capitania dos Portos do Paraná;CPAGUA;PR;111;1
Capitania dos Portos do Paraná;CPAGUA;PR;41;16
Capitania dos Portos do Paraná;CPAGUA;PR;12;3
Capitania dos Portos do Paraná;CPAGUA;PR;2;1
Capitania dos Portos do Paraná;CPAGUA;PR;46;1
Capitania dos Portos do Paraná;CPAGUA;PR;43;602
Capitania dos Portos do Piauí;CPPARN;PI;48;33
Capitania dos Portos do Piauí;CPPARN;PI;26;93
Capitania dos Portos do Piauí;CPPARN;PI;51;294
Capitania dos Portos do Piauí;CPPARN;PI;10;3
Capitania dos Portos do Piauí;CPPARN;PI;28;6
Capitania dos Portos do Piauí;CPPARN;PI;31;17
Capitania dos Portos do Piauí;CPPARN;PI;57;3
Capitania dos Portos do Piauí;CPPARN;PI;33;16
Capitania dos Portos do Piauí;CPPARN;PI;59;2
Capitania dos Portos do Piauí;CPPARN;PI;34;33
Capitania dos Portos do Piauí;CPPARN;PI;105;21
Capitania dos Portos do Piauí;CPPARN;PI;35;761
Capitania dos Portos do Piauí;CPPARN;PI;108;605
Capitania dos Portos do Piauí;CPPARN;PI;37;6
Capitania dos Portos do Piauí;CPPARN;PI;99;844
Capitania dos Portos do Piauí;CPPARN;PI;13;2
Capitania dos Portos do Piauí;CPPARN;PI;63;11
Capitania dos Portos do Piauí;CPPARN;PI;38;344
Capitania dos Portos do Piauí;CPPARN;PI;41;7
Capitania dos Portos do Piauí;CPPARN;PI;43;2
Capitania dos Portos do Rio de Janeiro;CPRIOJ;RJ;23;3
Capitania dos Portos do Rio de Janeiro;CPRIOJ;RJ;109;1
Capitania dos Portos do Rio de Janeiro;CPRIOJ;RJ;107;1
Capitania dos Portos do Rio de Janeiro;CPRIOJ;RJ;52;12
Capitania dos Portos do Rio de Janeiro;CPRIOJ;RJ;102;14
Capitania dos Portos do Rio de Janeiro;CPRIOJ;RJ;48;324
Capitania dos Portos do Rio de Janeiro;CPRIOJ;RJ;25;440
Capitania dos Portos do Rio de Janeiro;CPRIOJ;RJ;53;21
Capitania dos Portos do Rio de Janeiro;CPRIOJ;RJ;26;5946
Capitania dos Portos do Rio de Janeiro;CPRIOJ;RJ;27;29
Capitania dos Portos do Rio de Janeiro;CPRIOJ;RJ;55;9
Capitania dos Portos do Rio de Janeiro;CPRIOJ;RJ;54;9
Capitania dos Portos do Rio de Janeiro;CPRIOJ;RJ;51;116
Capitania dos Portos do Rio de Janeiro;CPRIOJ;RJ;10;34
Capitania dos Portos do Rio de Janeiro;CPRIOJ;RJ;28;317
Capitania dos Portos do Rio de Janeiro;CPRIOJ;RJ;30;40
Capitania dos Portos do Rio de Janeiro;CPRIOJ;RJ;31;116
Capitania dos Portos do Rio de Janeiro;CPRIOJ;RJ;57;5
Capitania dos Portos do Rio de Janeiro;CPRIOJ;RJ;32;52
Capitania dos Portos do Rio de Janeiro;CPRIOJ;RJ;104;1
Capitania dos Portos do Rio de Janeiro;CPRIOJ;RJ;24;19
Capitania dos Portos do Rio de Janeiro;CPRIOJ;RJ;58;3
Capitania dos Portos do Rio de Janeiro;CPRIOJ;RJ;33;632
Capitania dos Portos do Rio de Janeiro;CPRIOJ;RJ;7;24
Capitania dos Portos do Rio de Janeiro;CPRIOJ;RJ;44;9
Capitania dos Portos do Rio de Janeiro;CPRIOJ;RJ;59;106
Capitania dos Portos do Rio de Janeiro;CPRIOJ;RJ;34;69
Capitania dos Portos do Rio de Janeiro;CPRIOJ;RJ;105;22
Capitania dos Portos do Rio de Janeiro;CPRIOJ;RJ;103;12
Capitania dos Portos do Rio de Janeiro;CPRIOJ;RJ;35;15450
Capitania dos Portos do Rio de Janeiro;CPRIOJ;RJ;60;5
Capitania dos Portos do Rio de Janeiro;CPRIOJ;RJ;47;73
Capitania dos Portos do Rio de Janeiro;CPRIOJ;RJ;100;1
Capitania dos Portos do Rio de Janeiro;CPRIOJ;RJ;108;4132
Capitania dos Portos do Rio de Janeiro;CPRIOJ;RJ;37;97
Capitania dos Portos do Rio de Janeiro;CPRIOJ;RJ;61;8
Capitania dos Portos do Rio de Janeiro;CPRIOJ;RJ;99;11616
Capitania dos Portos do Rio de Janeiro;CPRIOJ;RJ;13;39
Capitania dos Portos do Rio de Janeiro;CPRIOJ;RJ;63;3
Capitania dos Portos do Rio de Janeiro;CPRIOJ;RJ;38;314
Capitania dos Portos do Rio de Janeiro;CPRIOJ;RJ;39;45
Capitania dos Portos do Rio de Janeiro;CPRIOJ;RJ;4;77
Capitania dos Portos do Rio de Janeiro;CPRIOJ;RJ;111;2
Capitania dos Portos do Rio de Janeiro;CPRIOJ;RJ;18;4
Capitania dos Portos do Rio de Janeiro;CPRIOJ;RJ;1;9
Capitania dos Portos do Rio de Janeiro;CPRIOJ;RJ;17;26
Capitania dos Portos do Rio de Janeiro;CPRIOJ;RJ;8;9
Capitania dos Portos do Rio de Janeiro;CPRIOJ;RJ;6;5
Capitania dos Portos do Rio de Janeiro;CPRIOJ;RJ;110;1
Capitania dos Portos do Rio de Janeiro;CPRIOJ;RJ;41;448
Capitania dos Portos do Rio de Janeiro;CPRIOJ;RJ;9;1
Capitania dos Portos do Rio de Janeiro;CPRIOJ;RJ;12;2
Capitania dos Portos do Rio de Janeiro;CPRIOJ;RJ;42;52
Capitania dos Portos do Rio de Janeiro;CPRIOJ;RJ;22;19
Capitania dos Portos do Rio de Janeiro;CPRIOJ;RJ;45;355
Capitania dos Portos do Rio de Janeiro;CPRIOJ;RJ;2;1
Capitania dos Portos do Rio de Janeiro;CPRIOJ;RJ;46;620
Capitania dos Portos do Rio de Janeiro;CPRIOJ;RJ;15;3
Capitania dos Portos do Rio de Janeiro;CPRIOJ;RJ;106;14
Capitania dos Portos do Rio de Janeiro;CPRIOJ;RJ;43;4779
Capitania dos Portos do Rio Grande do Norte;CPNATL;RN;48;101
Capitania dos Portos do Rio Grande do Norte;CPNATL;RN;53;1
Capitania dos Portos do Rio Grande do Norte;CPNATL;RN;26;1021
Capitania dos Portos do Rio Grande do Norte;CPNATL;RN;51;288
Capitania dos Portos do Rio Grande do Norte;CPNATL;RN;10;11
Capitania dos Portos do Rio Grande do Norte;CPNATL;RN;28;4
Capitania dos Portos do Rio Grande do Norte;CPNATL;RN;31;5
Capitania dos Portos do Rio Grande do Norte;CPNATL;RN;32;5
Capitania dos Portos do Rio Grande do Norte;CPNATL;RN;33;9
Capitania dos Portos do Rio Grande do Norte;CPNATL;RN;7;1
Capitania dos Portos do Rio Grande do Norte;CPNATL;RN;44;1
Capitania dos Portos do Rio Grande do Norte;CPNATL;RN;59;5
Capitania dos Portos do Rio Grande do Norte;CPNATL;RN;34;1192
Capitania dos Portos do Rio Grande do Norte;CPNATL;RN;105;16
Capitania dos Portos do Rio Grande do Norte;CPNATL;RN;35;825
Capitania dos Portos do Rio Grande do Norte;CPNATL;RN;47;4
Capitania dos Portos do Rio Grande do Norte;CPNATL;RN;108;712
Capitania dos Portos do Rio Grande do Norte;CPNATL;RN;37;62
Capitania dos Portos do Rio Grande do Norte;CPNATL;RN;61;1
Capitania dos Portos do Rio Grande do Norte;CPNATL;RN;99;686
Capitania dos Portos do Rio Grande do Norte;CPNATL;RN;13;15
Capitania dos Portos do Rio Grande do Norte;CPNATL;RN;63;1
Capitania dos Portos do Rio Grande do Norte;CPNATL;RN;38;217
Capitania dos Portos do Rio Grande do Norte;CPNATL;RN;39;1
Capitania dos Portos do Rio Grande do Norte;CPNATL;RN;41;5
Capitania dos Portos do Rio Grande do Norte;CPNATL;RN;42;2
Capitania dos Portos do Rio Grande do Norte;CPNATL;RN;45;1
Capitania dos Portos do Rio Grande do Norte;CPNATL;RN;46;1
Capitania dos Portos do Rio Grande do Norte;CPNATL;RN;43;58
Capitania dos Portos do Rio Grande do Sul;CPGRAN;RS;52;2
Capitania dos Portos do Rio Grande do Sul;CPGRAN;RS;48;19
Capitania dos Portos do Rio Grande do Sul;CPGRAN;RS;25;6
Capitania dos Portos do Rio Grande do Sul;CPGRAN;RS;53;2
Capitania dos Portos do Rio Grande do Sul;CPGRAN;RS;26;5899
Capitania dos Portos do Rio Grande do Sul;CPGRAN;RS;27;2
Capitania dos Portos do Rio Grande do Sul;CPGRAN;RS;55;2
Capitania dos Portos do Rio Grande do Sul;CPGRAN;RS;54;263
Capitania dos Portos do Rio Grande do Sul;CPGRAN;RS;51;269
Capitania dos Portos do Rio Grande do Sul;CPGRAN;RS;10;4
Capitania dos Portos do Rio Grande do Sul;CPGRAN;RS;28;4
Capitania dos Portos do Rio Grande do Sul;CPGRAN;RS;31;70
Capitania dos Portos do Rio Grande do Sul;CPGRAN;RS;57;2
Capitania dos Portos do Rio Grande do Sul;CPGRAN;RS;32;11
Capitania dos Portos do Rio Grande do Sul;CPGRAN;RS;24;1
Capitania dos Portos do Rio Grande do Sul;CPGRAN;RS;33;2
Capitania dos Portos do Rio Grande do Sul;CPGRAN;RS;44;1
Capitania dos Portos do Rio Grande do Sul;CPGRAN;RS;59;5
Capitania dos Portos do Rio Grande do Sul;CPGRAN;RS;105;2
Capitania dos Portos do Rio Grande do Sul;CPGRAN;RS;35;1076
Capitania dos Portos do Rio Grande do Sul;CPGRAN;RS;60;2
Capitania dos Portos do Rio Grande do Sul;CPGRAN;RS;108;491
Capitania dos Portos do Rio Grande do Sul;CPGRAN;RS;37;3
Capitania dos Portos do Rio Grande do Sul;CPGRAN;RS;99;1899
Capitania dos Portos do Rio Grande do Sul;CPGRAN;RS;13;2
Capitania dos Portos do Rio Grande do Sul;CPGRAN;RS;38;179
Capitania dos Portos do Rio Grande do Sul;CPGRAN;RS;39;2
Capitania dos Portos do Rio Grande do Sul;CPGRAN;RS;4;4
Capitania dos Portos do Rio Grande do Sul;CPGRAN;RS;111;1
Capitania dos Portos do Rio Grande do Sul;CPGRAN;RS;17;2
Capitania dos Portos do Rio Grande do Sul;CPGRAN;RS;110;1
Capitania dos Portos do Rio Grande do Sul;CPGRAN;RS;41;14
Capitania dos Portos do Rio Grande do Sul;CPGRAN;RS;12;1
Capitania dos Portos do Rio Grande do Sul;CPGRAN;RS;46;2
Capitania dos Portos do Rio Grande do Sul;CPGRAN;RS;43;419
Capitania Fluvial da Amazônia Ocidental;CPNAUS;AM;107;1
Capitania Fluvial da Amazônia Ocidental;CPNAUS;AM;48;1704
Capitania Fluvial da Amazônia Ocidental;CPNAUS;AM;25;220
Capitania Fluvial da Amazônia Ocidental;CPNAUS;AM;53;2
Capitania Fluvial da Amazônia Ocidental;CPNAUS;AM;26;112
Capitania Fluvial da Amazônia Ocidental;CPNAUS;AM;27;5
Capitania Fluvial da Amazônia Ocidental;CPNAUS;AM;51;92
Capitania Fluvial da Amazônia Ocidental;CPNAUS;AM;10;1528
Capitania Fluvial da Amazônia Ocidental;CPNAUS;AM;28;9
Capitania Fluvial da Amazônia Ocidental;CPNAUS;AM;30;8
Capitania Fluvial da Amazônia Ocidental;CPNAUS;AM;31;17
Capitania Fluvial da Amazônia Ocidental;CPNAUS;AM;57;267
Capitania Fluvial da Amazônia Ocidental;CPNAUS;AM;58;1
Capitania Fluvial da Amazônia Ocidental;CPNAUS;AM;33;281
Capitania Fluvial da Amazônia Ocidental;CPNAUS;AM;7;68
Capitania Fluvial da Amazônia Ocidental;CPNAUS;AM;59;43
Capitania Fluvial da Amazônia Ocidental;CPNAUS;AM;34;1
Capitania Fluvial da Amazônia Ocidental;CPNAUS;AM;105;4
Capitania Fluvial da Amazônia Ocidental;CPNAUS;AM;103;2
Capitania Fluvial da Amazônia Ocidental;CPNAUS;AM;35;6135
Capitania Fluvial da Amazônia Ocidental;CPNAUS;AM;60;1
Capitania Fluvial da Amazônia Ocidental;CPNAUS;AM;108;1287
Capitania Fluvial da Amazônia Ocidental;CPNAUS;AM;37;39
Capitania Fluvial da Amazônia Ocidental;CPNAUS;AM;99;144
Capitania Fluvial da Amazônia Ocidental;CPNAUS;AM;13;587
Capitania Fluvial da Amazônia Ocidental;CPNAUS;AM;63;569
Capitania Fluvial da Amazônia Ocidental;CPNAUS;AM;20;1
Capitania Fluvial da Amazônia Ocidental;CPNAUS;AM;38;1189
Capitania Fluvial da Amazônia Ocidental;CPNAUS;AM;39;4
Capitania Fluvial da Amazônia Ocidental;CPNAUS;AM;4;18
Capitania Fluvial da Amazônia Ocidental;CPNAUS;AM;111;1
Capitania Fluvial da Amazônia Ocidental;CPNAUS;AM;8;8
Capitania Fluvial da Amazônia Ocidental;CPNAUS;AM;41;823
Capitania Fluvial da Amazônia Ocidental;CPNAUS;AM;9;2
Capitania Fluvial da Amazônia Ocidental;CPNAUS;AM;12;24
Capitania Fluvial da Amazônia Ocidental;CPNAUS;AM;22;1
Capitania Fluvial da Amazônia Ocidental;CPNAUS;AM;2;59
Capitania Fluvial da Amazônia Ocidental;CPNAUS;AM;15;2
Capitania Fluvial da Amazônia Ocidental;CPNAUS;AM;106;1
Capitania Fluvial da Amazônia Ocidental;CPNAUS;AM;43;5
Capitania Fluvial de Brasília;CPFBRA;DF;48;73
Capitania Fluvial de Brasília;CPFBRA;DF;25;25
Capitania Fluvial de Brasília;CPFBRA;DF;53;1
Capitania Fluvial de Brasília;CPFBRA;DF;26;4754
Capitania Fluvial de Brasília;CPFBRA;DF;27;3
Capitania Fluvial de Brasília;CPFBRA;DF;55;3
Capitania Fluvial de Brasília;CPFBRA;DF;51;1039
Capitania Fluvial de Brasília;CPFBRA;DF;10;4
Capitania Fluvial de Brasília;CPFBRA;DF;28;13432
Capitania Fluvial de Brasília;CPFBRA;DF;31;211
Capitania Fluvial de Brasília;CPFBRA;DF;57;3
Capitania Fluvial de Brasília;CPFBRA;DF;32;3
Capitania Fluvial de Brasília;CPFBRA;DF;33;136
Capitania Fluvial de Brasília;CPFBRA;DF;50;1
Capitania Fluvial de Brasília;CPFBRA;DF;44;1
Capitania Fluvial de Brasília;CPFBRA;DF;34;91
Capitania Fluvial de Brasília;CPFBRA;DF;105;46
Capitania Fluvial de Brasília;CPFBRA;DF;103;5
Capitania Fluvial de Brasília;CPFBRA;DF;35;7863
Capitania Fluvial de Brasília;CPFBRA;DF;60;1
Capitania Fluvial de Brasília;CPFBRA;DF;47;2
Capitania Fluvial de Brasília;CPFBRA;DF;108;6049
Capitania Fluvial de Brasília;CPFBRA;DF;37;79
Capitania Fluvial de Brasília;CPFBRA;DF;99;16701
Capitania Fluvial de Brasília;CPFBRA;DF;13;11
Capitania Fluvial de Brasília;CPFBRA;DF;1;1
Capitania Fluvial de Brasília;CPFBRA;DF;41;26
Capitania Fluvial de Brasília;CPFBRA;DF;42;4
Capitania Fluvial de Brasília;CPFBRA;DF;46;3
Capitania Fluvial de Brasília;CPFBRA;DF;43;990
Capitania Fluvial de Porto Alegre;CFALEG;RS;109;1
Capitania Fluvial de Porto Alegre;CFALEG;RS;102;1
Capitania Fluvial de Porto Alegre;CFALEG;RS;48;99
Capitania Fluvial de Porto Alegre;CFALEG;RS;25;35
Capitania Fluvial de Porto Alegre;CFALEG;RS;53;5
Capitania Fluvial de Porto Alegre;CFALEG;RS;26;9587
Capitania Fluvial de Porto Alegre;CFALEG;RS;27;3
Capitania Fluvial de Porto Alegre;CFALEG;RS;55;4
Capitania Fluvial de Porto Alegre;CFALEG;RS;54;19
Capitania Fluvial de Porto Alegre;CFALEG;RS;51;185
Capitania Fluvial de Porto Alegre;CFALEG;RS;10;10
Capitania Fluvial de Porto Alegre;CFALEG;RS;28;73
Capitania Fluvial de Porto Alegre;CFALEG;RS;31;263
Capitania Fluvial de Porto Alegre;CFALEG;RS;57;12
Capitania Fluvial de Porto Alegre;CFALEG;RS;32;13
Capitania Fluvial de Porto Alegre;CFALEG;RS;33;38
Capitania Fluvial de Porto Alegre;CFALEG;RS;7;85
Capitania Fluvial de Porto Alegre;CFALEG;RS;50;2
Capitania Fluvial de Porto Alegre;CFALEG;RS;44;4
Capitania Fluvial de Porto Alegre;CFALEG;RS;59;7
Capitania Fluvial de Porto Alegre;CFALEG;RS;34;10
Capitania Fluvial de Porto Alegre;CFALEG;RS;105;18
Capitania Fluvial de Porto Alegre;CFALEG;RS;103;1
Capitania Fluvial de Porto Alegre;CFALEG;RS;35;7215
Capitania Fluvial de Porto Alegre;CFALEG;RS;60;3
Capitania Fluvial de Porto Alegre;CFALEG;RS;108;4968
Capitania Fluvial de Porto Alegre;CFALEG;RS;37;31
Capitania Fluvial de Porto Alegre;CFALEG;RS;99;944
Capitania Fluvial de Porto Alegre;CFALEG;RS;13;5
Capitania Fluvial de Porto Alegre;CFALEG;RS;63;2
Capitania Fluvial de Porto Alegre;CFALEG;RS;38;25
Capitania Fluvial de Porto Alegre;CFALEG;RS;4;4
Capitania Fluvial de Porto Alegre;CFALEG;RS;18;1
Capitania Fluvial de Porto Alegre;CFALEG;RS;1;4
Capitania Fluvial de Porto Alegre;CFALEG;RS;6;1
Capitania Fluvial de Porto Alegre;CFALEG;RS;41;95
Capitania Fluvial de Porto Alegre;CFALEG;RS;12;1
Capitania Fluvial de Porto Alegre;CFALEG;RS;42;1
Capitania Fluvial de Porto Alegre;CFALEG;RS;2;3
Capitania Fluvial de Porto Alegre;CFALEG;RS;46;2
Capitania Fluvial de Porto Alegre;CFALEG;RS;106;2
Capitania Fluvial de Porto Alegre;CFALEG;RS;43;1130
Capitania Fluvial de Santarém;CFAREM;PA;23;1
Capitania Fluvial de Santarém;CFAREM;PA;52;4
Capitania Fluvial de Santarém;CFAREM;PA;102;1
Capitania Fluvial de Santarém;CFAREM;PA;48;475
Capitania Fluvial de Santarém;CFAREM;PA;25;62
Capitania Fluvial de Santarém;CFAREM;PA;53;7
Capitania Fluvial de Santarém;CFAREM;PA;26;38
Capitania Fluvial de Santarém;CFAREM;PA;51;128
Capitania Fluvial de Santarém;CFAREM;PA;10;422
Capitania Fluvial de Santarém;CFAREM;PA;56;1
Capitania Fluvial de Santarém;CFAREM;PA;30;2
Capitania Fluvial de Santarém;CFAREM;PA;31;49
Capitania Fluvial de Santarém;CFAREM;PA;57;132
Capitania Fluvial de Santarém;CFAREM;PA;32;1
Capitania Fluvial de Santarém;CFAREM;PA;33;86
Capitania Fluvial de Santarém;CFAREM;PA;7;3
Capitania Fluvial de Santarém;CFAREM;PA;59;80
Capitania Fluvial de Santarém;CFAREM;PA;105;3
Capitania Fluvial de Santarém;CFAREM;PA;35;2119
Capitania Fluvial de Santarém;CFAREM;PA;108;434
Capitania Fluvial de Santarém;CFAREM;PA;37;15
Capitania Fluvial de Santarém;CFAREM;PA;61;1
Capitania Fluvial de Santarém;CFAREM;PA;99;95
Capitania Fluvial de Santarém;CFAREM;PA;13;1274
Capitania Fluvial de Santarém;CFAREM;PA;63;2204
Capitania Fluvial de Santarém;CFAREM;PA;20;5
Capitania Fluvial de Santarém;CFAREM;PA;38;2956
Capitania Fluvial de Santarém;CFAREM;PA;4;23
Capitania Fluvial de Santarém;CFAREM;PA;41;55
Capitania Fluvial de Santarém;CFAREM;PA;9;3
Capitania Fluvial de Santarém;CFAREM;PA;12;21
Capitania Fluvial de Santarém;CFAREM;PA;2;16
Capitania Fluvial de Santarém;CFAREM;PA;106;1
Capitania Fluvial de Santarém;CFAREM;PA;43;2
Capitania Fluvial de Tabatinga;CFT;AM;23;1
Capitania Fluvial de Tabatinga;CFT;AM;109;1
Capitania Fluvial de Tabatinga;CFT;AM;48;30
Capitania Fluvial de Tabatinga;CFT;AM;25;1
Capitania Fluvial de Tabatinga;CFT;AM;53;8
Capitania Fluvial de Tabatinga;CFT;AM;26;572
Capitania Fluvial de Tabatinga;CFT;AM;55;4
Capitania Fluvial de Tabatinga;CFT;AM;51;1215
Capitania Fluvial de Tabatinga;CFT;AM;10;49
Capitania Fluvial de Tabatinga;CFT;AM;31;4
Capitania Fluvial de Tabatinga;CFT;AM;57;17
Capitania Fluvial de Tabatinga;CFT;AM;33;112
Capitania Fluvial de Tabatinga;CFT;AM;59;5
Capitania Fluvial de Tabatinga;CFT;AM;103;1
Capitania Fluvial de Tabatinga;CFT;AM;35;457
Capitania Fluvial de Tabatinga;CFT;AM;108;1
Capitania Fluvial de Tabatinga;CFT;AM;99;127
Capitania Fluvial de Tabatinga;CFT;AM;13;8
Capitania Fluvial de Tabatinga;CFT;AM;63;8
Capitania Fluvial de Tabatinga;CFT;AM;38;18
Capitania Fluvial de Tabatinga;CFT;AM;41;26
Capitania Fluvial de Tabatinga;CFT;AM;2;1
Capitania Fluvial do Araguaia-Tocantins;CFATOC;TO;48;28
Capitania Fluvial do Araguaia-Tocantins;CFATOC;TO;25;5
Capitania Fluvial do Araguaia-Tocantins;CFATOC;TO;26;518
Capitania Fluvial do Araguaia-Tocantins;CFATOC;TO;51;2935
Capitania Fluvial do Araguaia-Tocantins;CFATOC;TO;21;1
Capitania Fluvial do Araguaia-Tocantins;CFATOC;TO;10;2
Capitania Fluvial do Araguaia-Tocantins;CFATOC;TO;28;648
Capitania Fluvial do Araguaia-Tocantins;CFATOC;TO;31;17
Capitania Fluvial do Araguaia-Tocantins;CFATOC;TO;57;10
Capitania Fluvial do Araguaia-Tocantins;CFATOC;TO;32;5
Capitania Fluvial do Araguaia-Tocantins;CFATOC;TO;33;22
Capitania Fluvial do Araguaia-Tocantins;CFATOC;TO;44;1
Capitania Fluvial do Araguaia-Tocantins;CFATOC;TO;34;7
Capitania Fluvial do Araguaia-Tocantins;CFATOC;TO;105;44
Capitania Fluvial do Araguaia-Tocantins;CFATOC;TO;35;2024
Capitania Fluvial do Araguaia-Tocantins;CFATOC;TO;108;890
Capitania Fluvial do Araguaia-Tocantins;CFATOC;TO;37;46
Capitania Fluvial do Araguaia-Tocantins;CFATOC;TO;99;14
Capitania Fluvial do Araguaia-Tocantins;CFATOC;TO;13;3
Capitania Fluvial do Araguaia-Tocantins;CFATOC;TO;63;2
Capitania Fluvial do Araguaia-Tocantins;CFATOC;TO;38;1
Capitania Fluvial do Araguaia-Tocantins;CFATOC;TO;41;3
Capitania Fluvial do Araguaia-Tocantins;CFATOC;TO;46;1
Capitania Fluvial do Araguaia-Tocantins;CFATOC;TO;43;6
Capitania Fluvial do Pantanal;CPUMBA;MS;107;8
Capitania Fluvial do Pantanal;CPUMBA;MS;48;33
Capitania Fluvial do Pantanal;CPUMBA;MS;25;28
Capitania Fluvial do Pantanal;CPUMBA;MS;26;7602
Capitania Fluvial do Pantanal;CPUMBA;MS;51;2
Capitania Fluvial do Pantanal;CPUMBA;MS;10;2
Capitania Fluvial do Pantanal;CPUMBA;MS;28;70
Capitania Fluvial do Pantanal;CPUMBA;MS;31;31
Capitania Fluvial do Pantanal;CPUMBA;MS;57;24
Capitania Fluvial do Pantanal;CPUMBA;MS;32;1
Capitania Fluvial do Pantanal;CPUMBA;MS;33;34
Capitania Fluvial do Pantanal;CPUMBA;MS;105;2
Capitania Fluvial do Pantanal;CPUMBA;MS;103;2
Capitania Fluvial do Pantanal;CPUMBA;MS;35;1519
Capitania Fluvial do Pantanal;CPUMBA;MS;108;391
Capitania Fluvial do Pantanal;CPUMBA;MS;37;1
Capitania Fluvial do Pantanal;CPUMBA;MS;99;3223
Capitania Fluvial do Pantanal;CPUMBA;MS;13;49
Capitania Fluvial do Pantanal;CPUMBA;MS;38;1
Capitania Fluvial do Pantanal;CPUMBA;MS;1;1
Capitania Fluvial do Pantanal;CPUMBA;MS;41;26
Capitania Fluvial do Pantanal;CPUMBA;MS;12;1
Capitania Fluvial do Pantanal;CPUMBA;MS;43;5
Capitania Fluvial do Rio Paraná;CPFOZU;PR;48;60
Capitania Fluvial do Rio Paraná;CPFOZU;PR;25;1
Capitania Fluvial do Rio Paraná;CPFOZU;PR;53;8
Capitania Fluvial do Rio Paraná;CPFOZU;PR;26;1312
Capitania Fluvial do Rio Paraná;CPFOZU;PR;51;73
Capitania Fluvial do Rio Paraná;CPFOZU;PR;28;28
Capitania Fluvial do Rio Paraná;CPFOZU;PR;31;148
Capitania Fluvial do Rio Paraná;CPFOZU;PR;57;8
Capitania Fluvial do Rio Paraná;CPFOZU;PR;32;1
Capitania Fluvial do Rio Paraná;CPFOZU;PR;33;64
Capitania Fluvial do Rio Paraná;CPFOZU;PR;7;2
Capitania Fluvial do Rio Paraná;CPFOZU;PR;34;1
Capitania Fluvial do Rio Paraná;CPFOZU;PR;105;14
Capitania Fluvial do Rio Paraná;CPFOZU;PR;103;6
Capitania Fluvial do Rio Paraná;CPFOZU;PR;35;11913
Capitania Fluvial do Rio Paraná;CPFOZU;PR;60;2
Capitania Fluvial do Rio Paraná;CPFOZU;PR;108;1526
Capitania Fluvial do Rio Paraná;CPFOZU;PR;37;4
Capitania Fluvial do Rio Paraná;CPFOZU;PR;99;511
Capitania Fluvial do Rio Paraná;CPFOZU;PR;41;40
Capitania Fluvial do Rio Paraná;CPFOZU;PR;43;27
Capitania Fluvial do São Francisco;CPPIRA;MG;48;81
Capitania Fluvial do São Francisco;CPPIRA;MG;25;12
Capitania Fluvial do São Francisco;CPPIRA;MG;53;3
Capitania Fluvial do São Francisco;CPPIRA;MG;26;6511
Capitania Fluvial do São Francisco;CPPIRA;MG;55;1
Capitania Fluvial do São Francisco;CPPIRA;MG;51;6803
Capitania Fluvial do São Francisco;CPPIRA;MG;28;526
Capitania Fluvial do São Francisco;CPPIRA;MG;31;557
Capitania Fluvial do São Francisco;CPPIRA;MG;57;11
Capitania Fluvial do São Francisco;CPPIRA;MG;32;2
Capitania Fluvial do São Francisco;CPPIRA;MG;33;6
Capitania Fluvial do São Francisco;CPPIRA;MG;44;2
Capitania Fluvial do São Francisco;CPPIRA;MG;34;5
Capitania Fluvial do São Francisco;CPPIRA;MG;105;7
Capitania Fluvial do São Francisco;CPPIRA;MG;35;5028
Capitania Fluvial do São Francisco;CPPIRA;MG;100;2
Capitania Fluvial do São Francisco;CPPIRA;MG;108;1426
Capitania Fluvial do São Francisco;CPPIRA;MG;37;5
Capitania Fluvial do São Francisco;CPPIRA;MG;99;1251
Capitania Fluvial do São Francisco;CPPIRA;MG;13;4
Capitania Fluvial do São Francisco;CPPIRA;MG;38;5
Capitania Fluvial do São Francisco;CPPIRA;MG;39;1
Capitania Fluvial do São Francisco;CPPIRA;MG;41;32
Capitania Fluvial do São Francisco;CPPIRA;MG;12;1
Capitania Fluvial do São Francisco;CPPIRA;MG;43;44
Capitania Fluvial do Tietê-Paraná;CPFTPR;SP;23;1
Capitania Fluvial do Tietê-Paraná;CPFTPR;SP;48;106
Capitania Fluvial do Tietê-Paraná;CPFTPR;SP;25;92
Capitania Fluvial do Tietê-Paraná;CPFTPR;SP;53;102
Capitania Fluvial do Tietê-Paraná;CPFTPR;SP;26;46423
Capitania Fluvial do Tietê-Paraná;CPFTPR;SP;27;1
Capitania Fluvial do Tietê-Paraná;CPFTPR;SP;55;3
Capitania Fluvial do Tietê-Paraná;CPFTPR;SP;51;139
Capitania Fluvial do Tietê-Paraná;CPFTPR;SP;10;3
Capitania Fluvial do Tietê-Paraná;CPFTPR;SP;28;271
Capitania Fluvial do Tietê-Paraná;CPFTPR;SP;30;2
Capitania Fluvial do Tietê-Paraná;CPFTPR;SP;31;446
Capitania Fluvial do Tietê-Paraná;CPFTPR;SP;57;134
Capitania Fluvial do Tietê-Paraná;CPFTPR;SP;32;2
Capitania Fluvial do Tietê-Paraná;CPFTPR;SP;33;335
Capitania Fluvial do Tietê-Paraná;CPFTPR;SP;44;14
Capitania Fluvial do Tietê-Paraná;CPFTPR;SP;59;5
Capitania Fluvial do Tietê-Paraná;CPFTPR;SP;34;29
Capitania Fluvial do Tietê-Paraná;CPFTPR;SP;105;54
Capitania Fluvial do Tietê-Paraná;CPFTPR;SP;103;1
Capitania Fluvial do Tietê-Paraná;CPFTPR;SP;35;10602
Capitania Fluvial do Tietê-Paraná;CPFTPR;SP;60;1
Capitania Fluvial do Tietê-Paraná;CPFTPR;SP;108;7650
Capitania Fluvial do Tietê-Paraná;CPFTPR;SP;37;105
Capitania Fluvial do Tietê-Paraná;CPFTPR;SP;62;1
Capitania Fluvial do Tietê-Paraná;CPFTPR;SP;99;9157
Capitania Fluvial do Tietê-Paraná;CPFTPR;SP;13;27
Capitania Fluvial do Tietê-Paraná;CPFTPR;SP;38;25
Capitania Fluvial do Tietê-Paraná;CPFTPR;SP;39;5
Capitania Fluvial do Tietê-Paraná;CPFTPR;SP;1;1
Capitania Fluvial do Tietê-Paraná;CPFTPR;SP;41;74
Capitania Fluvial do Tietê-Paraná;CPFTPR;SP;12;2
Capitania Fluvial do Tietê-Paraná;CPFTPR;SP;42;2
Capitania Fluvial do Tietê-Paraná;CPFTPR;SP;2;2
Capitania Fluvial do Tietê-Paraná;CPFTPR;SP;46;2
Capitania Fluvial do Tietê-Paraná;CPFTPR;SP;43;171
Delegacia da Capitania dos Portos em Angra dos Reis;DLANGR;RJ;48;30
Delegacia da Capitania dos Portos em Angra dos Reis;DLANGR;RJ;25;111
Delegacia da Capitania dos Portos em Angra dos Reis;DLANGR;RJ;26;2372
Delegacia da Capitania dos Portos em Angra dos Reis;DLANGR;RJ;27;1
Delegacia da Capitania dos Portos em Angra dos Reis;DLANGR;RJ;51;8
Delegacia da Capitania dos Portos em Angra dos Reis;DLANGR;RJ;28;7
Delegacia da Capitania dos Portos em Angra dos Reis;DLANGR;RJ;30;4
Delegacia da Capitania dos Portos em Angra dos Reis;DLANGR;RJ;31;52
Delegacia da Capitania dos Portos em Angra dos Reis;DLANGR;RJ;32;120
Delegacia da Capitania dos Portos em Angra dos Reis;DLANGR;RJ;24;3
Delegacia da Capitania dos Portos em Angra dos Reis;DLANGR;RJ;33;42
Delegacia da Capitania dos Portos em Angra dos Reis;DLANGR;RJ;59;19
Delegacia da Capitania dos Portos em Angra dos Reis;DLANGR;RJ;34;12
Delegacia da Capitania dos Portos em Angra dos Reis;DLANGR;RJ;105;17
Delegacia da Capitania dos Portos em Angra dos Reis;DLANGR;RJ;35;5700
Delegacia da Capitania dos Portos em Angra dos Reis;DLANGR;RJ;47;1
Delegacia da Capitania dos Portos em Angra dos Reis;DLANGR;RJ;108;1335
Delegacia da Capitania dos Portos em Angra dos Reis;DLANGR;RJ;37;25
Delegacia da Capitania dos Portos em Angra dos Reis;DLANGR;RJ;99;1419
Delegacia da Capitania dos Portos em Angra dos Reis;DLANGR;RJ;13;2
Delegacia da Capitania dos Portos em Angra dos Reis;DLANGR;RJ;63;2
Delegacia da Capitania dos Portos em Angra dos Reis;DLANGR;RJ;38;65
Delegacia da Capitania dos Portos em Angra dos Reis;DLANGR;RJ;39;1
Delegacia da Capitania dos Portos em Angra dos Reis;DLANGR;RJ;4;11
Delegacia da Capitania dos Portos em Angra dos Reis;DLANGR;RJ;18;1
Delegacia da Capitania dos Portos em Angra dos Reis;DLANGR;RJ;1;2
Delegacia da Capitania dos Portos em Angra dos Reis;DLANGR;RJ;17;8
Delegacia da Capitania dos Portos em Angra dos Reis;DLANGR;RJ;40;1
Delegacia da Capitania dos Portos em Angra dos Reis;DLANGR;RJ;41;10
Delegacia da Capitania dos Portos em Angra dos Reis;DLANGR;RJ;42;60
Delegacia da Capitania dos Portos em Angra dos Reis;DLANGR;RJ;2;1
Delegacia da Capitania dos Portos em Angra dos Reis;DLANGR;RJ;46;338
Delegacia da Capitania dos Portos em Angra dos Reis;DLANGR;RJ;43;602
Delegacia da Capitania dos Portos em Cabo Frio;DLCABO;RJ;109;3
Delegacia da Capitania dos Portos em Cabo Frio;DLCABO;RJ;52;9
Delegacia da Capitania dos Portos em Cabo Frio;DLCABO;RJ;48;16
Delegacia da Capitania dos Portos em Cabo Frio;DLCABO;RJ;25;65
Delegacia da Capitania dos Portos em Cabo Frio;DLCABO;RJ;53;2
Delegacia da Capitania dos Portos em Cabo Frio;DLCABO;RJ;26;1693
Delegacia da Capitania dos Portos em Cabo Frio;DLCABO;RJ;55;4
Delegacia da Capitania dos Portos em Cabo Frio;DLCABO;RJ;54;2
Delegacia da Capitania dos Portos em Cabo Frio;DLCABO;RJ;51;16
Delegacia da Capitania dos Portos em Cabo Frio;DLCABO;RJ;10;1
Delegacia da Capitania dos Portos em Cabo Frio;DLCABO;RJ;28;5
Delegacia da Capitania dos Portos em Cabo Frio;DLCABO;RJ;31;18
Delegacia da Capitania dos Portos em Cabo Frio;DLCABO;RJ;32;89
Delegacia da Capitania dos Portos em Cabo Frio;DLCABO;RJ;33;5
Delegacia da Capitania dos Portos em Cabo Frio;DLCABO;RJ;59;3
Delegacia da Capitania dos Portos em Cabo Frio;DLCABO;RJ;34;58
Delegacia da Capitania dos Portos em Cabo Frio;DLCABO;RJ;105;6
Delegacia da Capitania dos Portos em Cabo Frio;DLCABO;RJ;35;2773
Delegacia da Capitania dos Portos em Cabo Frio;DLCABO;RJ;60;1
Delegacia da Capitania dos Portos em Cabo Frio;DLCABO;RJ;108;1402
Delegacia da Capitania dos Portos em Cabo Frio;DLCABO;RJ;37;17
Delegacia da Capitania dos Portos em Cabo Frio;DLCABO;RJ;99;1083
Delegacia da Capitania dos Portos em Cabo Frio;DLCABO;RJ;13;54
Delegacia da Capitania dos Portos em Cabo Frio;DLCABO;RJ;38;187
Delegacia da Capitania dos Portos em Cabo Frio;DLCABO;RJ;39;1
Delegacia da Capitania dos Portos em Cabo Frio;DLCABO;RJ;41;4
Delegacia da Capitania dos Portos em Cabo Frio;DLCABO;RJ;42;23
Delegacia da Capitania dos Portos em Cabo Frio;DLCABO;RJ;46;115
Delegacia da Capitania dos Portos em Cabo Frio;DLCABO;RJ;43;227
Delegacia da Capitania dos Portos em Ilhéus;DLHEUS;BA;107;2
Delegacia da Capitania dos Portos em Ilhéus;DLHEUS;BA;48;26
Delegacia da Capitania dos Portos em Ilhéus;DLHEUS;BA;25;9
Delegacia da Capitania dos Portos em Ilhéus;DLHEUS;BA;26;238
Delegacia da Capitania dos Portos em Ilhéus;DLHEUS;BA;55;2
Delegacia da Capitania dos Portos em Ilhéus;DLHEUS;BA;51;390
Delegacia da Capitania dos Portos em Ilhéus;DLHEUS;BA;28;4
Delegacia da Capitania dos Portos em Ilhéus;DLHEUS;BA;31;2
Delegacia da Capitania dos Portos em Ilhéus;DLHEUS;BA;57;5
Delegacia da Capitania dos Portos em Ilhéus;DLHEUS;BA;32;6
Delegacia da Capitania dos Portos em Ilhéus;DLHEUS;BA;33;2
Delegacia da Capitania dos Portos em Ilhéus;DLHEUS;BA;44;1
Delegacia da Capitania dos Portos em Ilhéus;DLHEUS;BA;34;39
Delegacia da Capitania dos Portos em Ilhéus;DLHEUS;BA;105;4
Delegacia da Capitania dos Portos em Ilhéus;DLHEUS;BA;103;1
Delegacia da Capitania dos Portos em Ilhéus;DLHEUS;BA;35;1154
Delegacia da Capitania dos Portos em Ilhéus;DLHEUS;BA;108;390
Delegacia da Capitania dos Portos em Ilhéus;DLHEUS;BA;37;4
Delegacia da Capitania dos Portos em Ilhéus;DLHEUS;BA;99;78
Delegacia da Capitania dos Portos em Ilhéus;DLHEUS;BA;13;5
Delegacia da Capitania dos Portos em Ilhéus;DLHEUS;BA;38;355
Delegacia da Capitania dos Portos em Ilhéus;DLHEUS;BA;39;1
Delegacia da Capitania dos Portos em Ilhéus;DLHEUS;BA;41;1
Delegacia da Capitania dos Portos em Ilhéus;DLHEUS;BA;42;159
Delegacia da Capitania dos Portos em Ilhéus;DLHEUS;BA;46;5
Delegacia da Capitania dos Portos em Ilhéus;DLHEUS;BA;43;25
Delegacia da Capitania dos Portos em Itacuruçá;DLRUCA;RJ;52;1
Delegacia da Capitania dos Portos em Itacuruçá;DLRUCA;RJ;48;7
Delegacia da Capitania dos Portos em Itacuruçá;DLRUCA;RJ;25;14
Delegacia da Capitania dos Portos em Itacuruçá;DLRUCA;RJ;53;22
Delegacia da Capitania dos Portos em Itacuruçá;DLRUCA;RJ;26;4610
Delegacia da Capitania dos Portos em Itacuruçá;DLRUCA;RJ;27;1
Delegacia da Capitania dos Portos em Itacuruçá;DLRUCA;RJ;55;7
Delegacia da Capitania dos Portos em Itacuruçá;DLRUCA;RJ;54;14
Delegacia da Capitania dos Portos em Itacuruçá;DLRUCA;RJ;51;93
Delegacia da Capitania dos Portos em Itacuruçá;DLRUCA;RJ;28;23
Delegacia da Capitania dos Portos em Itacuruçá;DLRUCA;RJ;31;22
Delegacia da Capitania dos Portos em Itacuruçá;DLRUCA;RJ;57;6
Delegacia da Capitania dos Portos em Itacuruçá;DLRUCA;RJ;32;52
Delegacia da Capitania dos Portos em Itacuruçá;DLRUCA;RJ;33;149
Delegacia da Capitania dos Portos em Itacuruçá;DLRUCA;RJ;59;2
Delegacia da Capitania dos Portos em Itacuruçá;DLRUCA;RJ;34;16
Delegacia da Capitania dos Portos em Itacuruçá;DLRUCA;RJ;105;3
Delegacia da Capitania dos Portos em Itacuruçá;DLRUCA;RJ;35;4919
Delegacia da Capitania dos Portos em Itacuruçá;DLRUCA;RJ;60;1
Delegacia da Capitania dos Portos em Itacuruçá;DLRUCA;RJ;108;943
Delegacia da Capitania dos Portos em Itacuruçá;DLRUCA;RJ;37;5
Delegacia da Capitania dos Portos em Itacuruçá;DLRUCA;RJ;99;2727
Delegacia da Capitania dos Portos em Itacuruçá;DLRUCA;RJ;13;1
Delegacia da Capitania dos Portos em Itacuruçá;DLRUCA;RJ;38;215
Delegacia da Capitania dos Portos em Itacuruçá;DLRUCA;RJ;4;1
Delegacia da Capitania dos Portos em Itacuruçá;DLRUCA;RJ;41;17
Delegacia da Capitania dos Portos em Itacuruçá;DLRUCA;RJ;12;1
Delegacia da Capitania dos Portos em Itacuruçá;DLRUCA;RJ;42;29
Delegacia da Capitania dos Portos em Itacuruçá;DLRUCA;RJ;46;163
Delegacia da Capitania dos Portos em Itacuruçá;DLRUCA;RJ;43;175
Delegacia da Capitania dos Portos em Itajaí;DCPJAI;SC;23;1
Delegacia da Capitania dos Portos em Itajaí;DCPJAI;SC;107;3
Delegacia da Capitania dos Portos em Itajaí;DCPJAI;SC;52;2
Delegacia da Capitania dos Portos em Itajaí;DCPJAI;SC;48;36
Delegacia da Capitania dos Portos em Itajaí;DCPJAI;SC;25;17
Delegacia da Capitania dos Portos em Itajaí;DCPJAI;SC;53;6
Delegacia da Capitania dos Portos em Itajaí;DCPJAI;SC;26;5186
Delegacia da Capitania dos Portos em Itajaí;DCPJAI;SC;27;2
Delegacia da Capitania dos Portos em Itajaí;DCPJAI;SC;55;7
Delegacia da Capitania dos Portos em Itajaí;DCPJAI;SC;54;1
Delegacia da Capitania dos Portos em Itajaí;DCPJAI;SC;51;191
Delegacia da Capitania dos Portos em Itajaí;DCPJAI;SC;10;5
Delegacia da Capitania dos Portos em Itajaí;DCPJAI;SC;28;262
Delegacia da Capitania dos Portos em Itajaí;DCPJAI;SC;30;1
Delegacia da Capitania dos Portos em Itajaí;DCPJAI;SC;31;90
Delegacia da Capitania dos Portos em Itajaí;DCPJAI;SC;57;6
Delegacia da Capitania dos Portos em Itajaí;DCPJAI;SC;32;21
Delegacia da Capitania dos Portos em Itajaí;DCPJAI;SC;33;29
Delegacia da Capitania dos Portos em Itajaí;DCPJAI;SC;59;14
Delegacia da Capitania dos Portos em Itajaí;DCPJAI;SC;34;7
Delegacia da Capitania dos Portos em Itajaí;DCPJAI;SC;105;33
Delegacia da Capitania dos Portos em Itajaí;DCPJAI;SC;35;6327
Delegacia da Capitania dos Portos em Itajaí;DCPJAI;SC;108;4604
Delegacia da Capitania dos Portos em Itajaí;DCPJAI;SC;37;13
Delegacia da Capitania dos Portos em Itajaí;DCPJAI;SC;62;2
Delegacia da Capitania dos Portos em Itajaí;DCPJAI;SC;99;1902
Delegacia da Capitania dos Portos em Itajaí;DCPJAI;SC;13;24
Delegacia da Capitania dos Portos em Itajaí;DCPJAI;SC;38;1153
Delegacia da Capitania dos Portos em Itajaí;DCPJAI;SC;39;1
Delegacia da Capitania dos Portos em Itajaí;DCPJAI;SC;8;2
Delegacia da Capitania dos Portos em Itajaí;DCPJAI;SC;41;34
Delegacia da Capitania dos Portos em Itajaí;DCPJAI;SC;12;5
Delegacia da Capitania dos Portos em Itajaí;DCPJAI;SC;42;4
Delegacia da Capitania dos Portos em Itajaí;DCPJAI;SC;45;58
Delegacia da Capitania dos Portos em Itajaí;DCPJAI;SC;2;1
Delegacia da Capitania dos Portos em Itajaí;DCPJAI;SC;46;22
Delegacia da Capitania dos Portos em Itajaí;DCPJAI;SC;43;352
Delegacia da Capitania dos Portos em Laguna ;DELUNA;SC;48;25
Delegacia da Capitania dos Portos em Laguna ;DELUNA;SC;25;16
Delegacia da Capitania dos Portos em Laguna ;DELUNA;SC;53;16
Delegacia da Capitania dos Portos em Laguna ;DELUNA;SC;26;2196
Delegacia da Capitania dos Portos em Laguna ;DELUNA;SC;27;1
Delegacia da Capitania dos Portos em Laguna ;DELUNA;SC;55;3
Delegacia da Capitania dos Portos em Laguna ;DELUNA;SC;54;260
Delegacia da Capitania dos Portos em Laguna ;DELUNA;SC;51;1556
Delegacia da Capitania dos Portos em Laguna ;DELUNA;SC;28;9
Delegacia da Capitania dos Portos em Laguna ;DELUNA;SC;31;48
Delegacia da Capitania dos Portos em Laguna ;DELUNA;SC;57;3
Delegacia da Capitania dos Portos em Laguna ;DELUNA;SC;32;2
Delegacia da Capitania dos Portos em Laguna ;DELUNA;SC;24;1
Delegacia da Capitania dos Portos em Laguna ;DELUNA;SC;33;4
Delegacia da Capitania dos Portos em Laguna ;DELUNA;SC;44;1
Delegacia da Capitania dos Portos em Laguna ;DELUNA;SC;59;3
Delegacia da Capitania dos Portos em Laguna ;DELUNA;SC;34;4
Delegacia da Capitania dos Portos em Laguna ;DELUNA;SC;105;1
Delegacia da Capitania dos Portos em Laguna ;DELUNA;SC;35;834
Delegacia da Capitania dos Portos em Laguna ;DELUNA;SC;108;899
Delegacia da Capitania dos Portos em Laguna ;DELUNA;SC;99;4752
Delegacia da Capitania dos Portos em Laguna ;DELUNA;SC;13;4
Delegacia da Capitania dos Portos em Laguna ;DELUNA;SC;38;73
Delegacia da Capitania dos Portos em Laguna ;DELUNA;SC;41;10
Delegacia da Capitania dos Portos em Laguna ;DELUNA;SC;12;1
Delegacia da Capitania dos Portos em Laguna ;DELUNA;SC;46;7
Delegacia da Capitania dos Portos em Laguna ;DELUNA;SC;43;33
Delegacia da Capitania dos Portos em Macaé;DLMCAE;RJ;48;59
Delegacia da Capitania dos Portos em Macaé;DLMCAE;RJ;26;566
Delegacia da Capitania dos Portos em Macaé;DLMCAE;RJ;55;3
Delegacia da Capitania dos Portos em Macaé;DLMCAE;RJ;54;1
Delegacia da Capitania dos Portos em Macaé;DLMCAE;RJ;51;881
Delegacia da Capitania dos Portos em Macaé;DLMCAE;RJ;10;4
Delegacia da Capitania dos Portos em Macaé;DLMCAE;RJ;28;18
Delegacia da Capitania dos Portos em Macaé;DLMCAE;RJ;31;24
Delegacia da Capitania dos Portos em Macaé;DLMCAE;RJ;32;7
Delegacia da Capitania dos Portos em Macaé;DLMCAE;RJ;58;1
Delegacia da Capitania dos Portos em Macaé;DLMCAE;RJ;33;3
Delegacia da Capitania dos Portos em Macaé;DLMCAE;RJ;59;2
Delegacia da Capitania dos Portos em Macaé;DLMCAE;RJ;34;3
Delegacia da Capitania dos Portos em Macaé;DLMCAE;RJ;35;1378
Delegacia da Capitania dos Portos em Macaé;DLMCAE;RJ;108;348
Delegacia da Capitania dos Portos em Macaé;DLMCAE;RJ;99;263
Delegacia da Capitania dos Portos em Macaé;DLMCAE;RJ;13;26
Delegacia da Capitania dos Portos em Macaé;DLMCAE;RJ;63;8
Delegacia da Capitania dos Portos em Macaé;DLMCAE;RJ;38;1198
Delegacia da Capitania dos Portos em Macaé;DLMCAE;RJ;1;2
Delegacia da Capitania dos Portos em Macaé;DLMCAE;RJ;17;2
Delegacia da Capitania dos Portos em Macaé;DLMCAE;RJ;41;4
Delegacia da Capitania dos Portos em Macaé;DLMCAE;RJ;42;1
Delegacia da Capitania dos Portos em Macaé;DLMCAE;RJ;45;7
Delegacia da Capitania dos Portos em Macaé;DLMCAE;RJ;46;340
Delegacia da Capitania dos Portos em Macaé;DLMCAE;RJ;43;41
Delegacia da Capitania dos Portos em Porto Seguro;DLSEGU;BA;107;1
Delegacia da Capitania dos Portos em Porto Seguro;DLSEGU;BA;52;1
Delegacia da Capitania dos Portos em Porto Seguro;DLSEGU;BA;48;17
Delegacia da Capitania dos Portos em Porto Seguro;DLSEGU;BA;25;11
Delegacia da Capitania dos Portos em Porto Seguro;DLSEGU;BA;26;906
Delegacia da Capitania dos Portos em Porto Seguro;DLSEGU;BA;51;96
Delegacia da Capitania dos Portos em Porto Seguro;DLSEGU;BA;28;2
Delegacia da Capitania dos Portos em Porto Seguro;DLSEGU;BA;31;7
Delegacia da Capitania dos Portos em Porto Seguro;DLSEGU;BA;32;60
Delegacia da Capitania dos Portos em Porto Seguro;DLSEGU;BA;59;2
Delegacia da Capitania dos Portos em Porto Seguro;DLSEGU;BA;34;2
Delegacia da Capitania dos Portos em Porto Seguro;DLSEGU;BA;105;1
Delegacia da Capitania dos Portos em Porto Seguro;DLSEGU;BA;35;465
Delegacia da Capitania dos Portos em Porto Seguro;DLSEGU;BA;60;1
Delegacia da Capitania dos Portos em Porto Seguro;DLSEGU;BA;108;66
Delegacia da Capitania dos Portos em Porto Seguro;DLSEGU;BA;37;17
Delegacia da Capitania dos Portos em Porto Seguro;DLSEGU;BA;99;70
Delegacia da Capitania dos Portos em Porto Seguro;DLSEGU;BA;13;7
Delegacia da Capitania dos Portos em Porto Seguro;DLSEGU;BA;63;4
Delegacia da Capitania dos Portos em Porto Seguro;DLSEGU;BA;38;1608
Delegacia da Capitania dos Portos em Porto Seguro;DLSEGU;BA;41;18
Delegacia da Capitania dos Portos em Porto Seguro;DLSEGU;BA;12;1
Delegacia da Capitania dos Portos em Porto Seguro;DLSEGU;BA;42;19
Delegacia da Capitania dos Portos em Porto Seguro;DLSEGU;BA;46;14
Delegacia da Capitania dos Portos em Porto Seguro;DLSEGU;BA;43;28
Delegacia da Capitania dos Portos em São Francisco do Sul;DLSFSL;SC;107;1
Delegacia da Capitania dos Portos em São Francisco do Sul;DLSFSL;SC;52;2
Delegacia da Capitania dos Portos em São Francisco do Sul;DLSFSL;SC;48;23
Delegacia da Capitania dos Portos em São Francisco do Sul;DLSFSL;SC;25;11
Delegacia da Capitania dos Portos em São Francisco do Sul;DLSFSL;SC;53;1
Delegacia da Capitania dos Portos em São Francisco do Sul;DLSFSL;SC;26;10901
Delegacia da Capitania dos Portos em São Francisco do Sul;DLSFSL;SC;27;3
Delegacia da Capitania dos Portos em São Francisco do Sul;DLSFSL;SC;55;5
Delegacia da Capitania dos Portos em São Francisco do Sul;DLSFSL;SC;54;1
Delegacia da Capitania dos Portos em São Francisco do Sul;DLSFSL;SC;51;78
Delegacia da Capitania dos Portos em São Francisco do Sul;DLSFSL;SC;10;4
Delegacia da Capitania dos Portos em São Francisco do Sul;DLSFSL;SC;28;49
Delegacia da Capitania dos Portos em São Francisco do Sul;DLSFSL;SC;31;118
Delegacia da Capitania dos Portos em São Francisco do Sul;DLSFSL;SC;57;3
Delegacia da Capitania dos Portos em São Francisco do Sul;DLSFSL;SC;32;10
Delegacia da Capitania dos Portos em São Francisco do Sul;DLSFSL;SC;33;16
Delegacia da Capitania dos Portos em São Francisco do Sul;DLSFSL;SC;7;1
Delegacia da Capitania dos Portos em São Francisco do Sul;DLSFSL;SC;44;6
Delegacia da Capitania dos Portos em São Francisco do Sul;DLSFSL;SC;59;12
Delegacia da Capitania dos Portos em São Francisco do Sul;DLSFSL;SC;34;3
Delegacia da Capitania dos Portos em São Francisco do Sul;DLSFSL;SC;105;3
Delegacia da Capitania dos Portos em São Francisco do Sul;DLSFSL;SC;35;3363
Delegacia da Capitania dos Portos em São Francisco do Sul;DLSFSL;SC;108;1101
Delegacia da Capitania dos Portos em São Francisco do Sul;DLSFSL;SC;37;6
Delegacia da Capitania dos Portos em São Francisco do Sul;DLSFSL;SC;62;4
Delegacia da Capitania dos Portos em São Francisco do Sul;DLSFSL;SC;99;5235
Delegacia da Capitania dos Portos em São Francisco do Sul;DLSFSL;SC;13;23
Delegacia da Capitania dos Portos em São Francisco do Sul;DLSFSL;SC;38;41
Delegacia da Capitania dos Portos em São Francisco do Sul;DLSFSL;SC;1;1
Delegacia da Capitania dos Portos em São Francisco do Sul;DLSFSL;SC;40;1
Delegacia da Capitania dos Portos em São Francisco do Sul;DLSFSL;SC;41;15
Delegacia da Capitania dos Portos em São Francisco do Sul;DLSFSL;SC;42;2
Delegacia da Capitania dos Portos em São Francisco do Sul;DLSFSL;SC;45;5
Delegacia da Capitania dos Portos em São Francisco do Sul;DLSFSL;SC;46;29
Delegacia da Capitania dos Portos em São Francisco do Sul;DLSFSL;SC;43;338
Delegacia da Capitania dos Portos em São Sebastião;DLTIAO;SP;52;2
Delegacia da Capitania dos Portos em São Sebastião;DLTIAO;SP;102;1
Delegacia da Capitania dos Portos em São Sebastião;DLTIAO;SP;48;70
Delegacia da Capitania dos Portos em São Sebastião;DLTIAO;SP;25;6
Delegacia da Capitania dos Portos em São Sebastião;DLTIAO;SP;53;4
Delegacia da Capitania dos Portos em São Sebastião;DLTIAO;SP;26;7326
Delegacia da Capitania dos Portos em São Sebastião;DLTIAO;SP;27;1
Delegacia da Capitania dos Portos em São Sebastião;DLTIAO;SP;55;1
Delegacia da Capitania dos Portos em São Sebastião;DLTIAO;SP;54;1
Delegacia da Capitania dos Portos em São Sebastião;DLTIAO;SP;51;354
Delegacia da Capitania dos Portos em São Sebastião;DLTIAO;SP;10;5
Delegacia da Capitania dos Portos em São Sebastião;DLTIAO;SP;28;189
Delegacia da Capitania dos Portos em São Sebastião;DLTIAO;SP;31;449
Delegacia da Capitania dos Portos em São Sebastião;DLTIAO;SP;57;4
Delegacia da Capitania dos Portos em São Sebastião;DLTIAO;SP;32;71
Delegacia da Capitania dos Portos em São Sebastião;DLTIAO;SP;33;34
Delegacia da Capitania dos Portos em São Sebastião;DLTIAO;SP;59;9
Delegacia da Capitania dos Portos em São Sebastião;DLTIAO;SP;34;22
Delegacia da Capitania dos Portos em São Sebastião;DLTIAO;SP;105;35
Delegacia da Capitania dos Portos em São Sebastião;DLTIAO;SP;35;9190
Delegacia da Capitania dos Portos em São Sebastião;DLTIAO;SP;108;3943
Delegacia da Capitania dos Portos em São Sebastião;DLTIAO;SP;37;29
Delegacia da Capitania dos Portos em São Sebastião;DLTIAO;SP;99;1418
Delegacia da Capitania dos Portos em São Sebastião;DLTIAO;SP;13;3
Delegacia da Capitania dos Portos em São Sebastião;DLTIAO;SP;38;35
Delegacia da Capitania dos Portos em São Sebastião;DLTIAO;SP;4;6
Delegacia da Capitania dos Portos em São Sebastião;DLTIAO;SP;18;1
Delegacia da Capitania dos Portos em São Sebastião;DLTIAO;SP;1;1
Delegacia da Capitania dos Portos em São Sebastião;DLTIAO;SP;41;70
Delegacia da Capitania dos Portos em São Sebastião;DLTIAO;SP;42;17
Delegacia da Capitania dos Portos em São Sebastião;DLTIAO;SP;46;70
Delegacia da Capitania dos Portos em São Sebastião;DLTIAO;SP;43;1007
Delegacia Fluvial de Cuiabá;DLCUIA;MT;48;67
Delegacia Fluvial de Cuiabá;DLCUIA;MT;25;18
Delegacia Fluvial de Cuiabá;DLCUIA;MT;53;2
Delegacia Fluvial de Cuiabá;DLCUIA;MT;26;7844
Delegacia Fluvial de Cuiabá;DLCUIA;MT;55;4
Delegacia Fluvial de Cuiabá;DLCUIA;MT;51;51
Delegacia Fluvial de Cuiabá;DLCUIA;MT;10;2
Delegacia Fluvial de Cuiabá;DLCUIA;MT;28;327
Delegacia Fluvial de Cuiabá;DLCUIA;MT;31;248
Delegacia Fluvial de Cuiabá;DLCUIA;MT;57;9
Delegacia Fluvial de Cuiabá;DLCUIA;MT;32;2
Delegacia Fluvial de Cuiabá;DLCUIA;MT;58;1
Delegacia Fluvial de Cuiabá;DLCUIA;MT;33;101
Delegacia Fluvial de Cuiabá;DLCUIA;MT;34;4
Delegacia Fluvial de Cuiabá;DLCUIA;MT;105;12
Delegacia Fluvial de Cuiabá;DLCUIA;MT;103;1
Delegacia Fluvial de Cuiabá;DLCUIA;MT;35;2675
Delegacia Fluvial de Cuiabá;DLCUIA;MT;108;1226
Delegacia Fluvial de Cuiabá;DLCUIA;MT;37;2
Delegacia Fluvial de Cuiabá;DLCUIA;MT;99;1653
Delegacia Fluvial de Cuiabá;DLCUIA;MT;13;4
Delegacia Fluvial de Cuiabá;DLCUIA;MT;63;1
Delegacia Fluvial de Cuiabá;DLCUIA;MT;38;1
Delegacia Fluvial de Cuiabá;DLCUIA;MT;1;2
Delegacia Fluvial de Cuiabá;DLCUIA;MT;41;37
Delegacia Fluvial de Cuiabá;DLCUIA;MT;42;2
Delegacia Fluvial de Cuiabá;DLCUIA;MT;46;2
Delegacia Fluvial de Cuiabá;DLCUIA;MT;43;5
Delegacia Fluvial de Porto Velho;DLPVEL;RO;48;74
Delegacia Fluvial de Porto Velho;DLPVEL;RO;25;5
Delegacia Fluvial de Porto Velho;DLPVEL;RO;53;40
Delegacia Fluvial de Porto Velho;DLPVEL;RO;26;998
Delegacia Fluvial de Porto Velho;DLPVEL;RO;27;1
Delegacia Fluvial de Porto Velho;DLPVEL;RO;51;363
Delegacia Fluvial de Porto Velho;DLPVEL;RO;10;49
Delegacia Fluvial de Porto Velho;DLPVEL;RO;28;558
Delegacia Fluvial de Porto Velho;DLPVEL;RO;31;447
Delegacia Fluvial de Porto Velho;DLPVEL;RO;57;111
Delegacia Fluvial de Porto Velho;DLPVEL;RO;32;1
Delegacia Fluvial de Porto Velho;DLPVEL;RO;33;96
Delegacia Fluvial de Porto Velho;DLPVEL;RO;7;3
Delegacia Fluvial de Porto Velho;DLPVEL;RO;105;7
Delegacia Fluvial de Porto Velho;DLPVEL;RO;103;2
Delegacia Fluvial de Porto Velho;DLPVEL;RO;35;1786
Delegacia Fluvial de Porto Velho;DLPVEL;RO;60;1
Delegacia Fluvial de Porto Velho;DLPVEL;RO;108;217
Delegacia Fluvial de Porto Velho;DLPVEL;RO;99;101
Delegacia Fluvial de Porto Velho;DLPVEL;RO;13;50
Delegacia Fluvial de Porto Velho;DLPVEL;RO;63;34
Delegacia Fluvial de Porto Velho;DLPVEL;RO;38;27
Delegacia Fluvial de Porto Velho;DLPVEL;RO;41;149
Delegacia Fluvial de Presidente Epitácio;DLPREP;SP;48;28
Delegacia Fluvial de Presidente Epitácio;DLPREP;SP;25;9
Delegacia Fluvial de Presidente Epitácio;DLPREP;SP;53;14
Delegacia Fluvial de Presidente Epitácio;DLPREP;SP;26;15838
Delegacia Fluvial de Presidente Epitácio;DLPREP;SP;55;1
Delegacia Fluvial de Presidente Epitácio;DLPREP;SP;51;7
Delegacia Fluvial de Presidente Epitácio;DLPREP;SP;28;64
Delegacia Fluvial de Presidente Epitácio;DLPREP;SP;31;50
Delegacia Fluvial de Presidente Epitácio;DLPREP;SP;57;16
Delegacia Fluvial de Presidente Epitácio;DLPREP;SP;32;3
Delegacia Fluvial de Presidente Epitácio;DLPREP;SP;33;79
Delegacia Fluvial de Presidente Epitácio;DLPREP;SP;44;1
Delegacia Fluvial de Presidente Epitácio;DLPREP;SP;59;1
Delegacia Fluvial de Presidente Epitácio;DLPREP;SP;34;3
Delegacia Fluvial de Presidente Epitácio;DLPREP;SP;105;3
Delegacia Fluvial de Presidente Epitácio;DLPREP;SP;103;1
Delegacia Fluvial de Presidente Epitácio;DLPREP;SP;35;2927
Delegacia Fluvial de Presidente Epitácio;DLPREP;SP;108;1614
Delegacia Fluvial de Presidente Epitácio;DLPREP;SP;37;1
Delegacia Fluvial de Presidente Epitácio;DLPREP;SP;99;2832
Delegacia Fluvial de Presidente Epitácio;DLPREP;SP;13;6
Delegacia Fluvial de Presidente Epitácio;DLPREP;SP;38;55
Delegacia Fluvial de Presidente Epitácio;DLPREP;SP;40;1
Delegacia Fluvial de Presidente Epitácio;DLPREP;SP;41;28
Delegacia Fluvial de Presidente Epitácio;DLPREP;SP;42;1
Delegacia Fluvial de Presidente Epitácio;DLPREP;SP;45;3
Delegacia Fluvial de Presidente Epitácio;DLPREP;SP;46;3
Delegacia Fluvial de Presidente Epitácio;DLPREP;SP;43;15
Delegacia Fluvial de Uruguaiana;DLURUG;RS;23;2
Delegacia Fluvial de Uruguaiana;DLURUG;RS;48;21
Delegacia Fluvial de Uruguaiana;DLURUG;RS;25;11
Delegacia Fluvial de Uruguaiana;DLURUG;RS;53;1
Delegacia Fluvial de Uruguaiana;DLURUG;RS;26;6194
Delegacia Fluvial de Uruguaiana;DLURUG;RS;51;961
Delegacia Fluvial de Uruguaiana;DLURUG;RS;28;6
Delegacia Fluvial de Uruguaiana;DLURUG;RS;31;18
Delegacia Fluvial de Uruguaiana;DLURUG;RS;34;1
Delegacia Fluvial de Uruguaiana;DLURUG;RS;105;1
Delegacia Fluvial de Uruguaiana;DLURUG;RS;35;1522
Delegacia Fluvial de Uruguaiana;DLURUG;RS;108;242
Delegacia Fluvial de Uruguaiana;DLURUG;RS;99;171
Delegacia Fluvial de Uruguaiana;DLURUG;RS;13;2
Delegacia Fluvial de Uruguaiana;DLURUG;RS;1;1
Delegacia Fluvial de Uruguaiana;DLURUG;RS;41;8
Delegacia Fluvial de Uruguaiana;DLURUG;RS;46;1
Delegacia Fluvial de Uruguaiana;DLURUG;RS;43;4
Delegacia Fluvial em Guaíra;DLGUAI;PR;23;2
Delegacia Fluvial em Guaíra;DLGUAI;PR;48;62
Delegacia Fluvial em Guaíra;DLGUAI;PR;25;5
Delegacia Fluvial em Guaíra;DLGUAI;PR;53;11
Delegacia Fluvial em Guaíra;DLGUAI;PR;26;20011
Delegacia Fluvial em Guaíra;DLGUAI;PR;51;10
Delegacia Fluvial em Guaíra;DLGUAI;PR;10;2
Delegacia Fluvial em Guaíra;DLGUAI;PR;28;104
Delegacia Fluvial em Guaíra;DLGUAI;PR;31;252
Delegacia Fluvial em Guaíra;DLGUAI;PR;57;14
Delegacia Fluvial em Guaíra;DLGUAI;PR;32;1
Delegacia Fluvial em Guaíra;DLGUAI;PR;33;46
Delegacia Fluvial em Guaíra;DLGUAI;PR;44;1
Delegacia Fluvial em Guaíra;DLGUAI;PR;59;1
Delegacia Fluvial em Guaíra;DLGUAI;PR;34;1
Delegacia Fluvial em Guaíra;DLGUAI;PR;105;12
Delegacia Fluvial em Guaíra;DLGUAI;PR;103;1
Delegacia Fluvial em Guaíra;DLGUAI;PR;35;8132
Delegacia Fluvial em Guaíra;DLGUAI;PR;108;2373
Delegacia Fluvial em Guaíra;DLGUAI;PR;62;2
Delegacia Fluvial em Guaíra;DLGUAI;PR;99;7023
Delegacia Fluvial em Guaíra;DLGUAI;PR;13;8
Delegacia Fluvial em Guaíra;DLGUAI;PR;38;16
Delegacia Fluvial em Guaíra;DLGUAI;PR;41;137
Delegacia Fluvial em Guaíra;DLGUAI;PR;42;1
Delegacia Fluvial em Guaíra;DLGUAI;PR;2;1
Delegacia Fluvial em Guaíra;DLGUAI;PR;46;1
Delegacia Fluvial em Guaíra;DLGUAI;PR;43;26
;;;;
(1716 row(s) affected);;;;
