DN	UF	COD_EMB	SIGLA OM	QTDE	
3º	CE	48	AGARACATI	4	
3º	CE	26	AGARACATI	503	
3º	CE	51	AGARACATI	120	
3º	CE	28	AGARACATI	1	
3º	CE	32	AGARACATI	1	
3º	CE	59	AGARACATI	2	
3º	CE	34	AGARACATI	750	
3º	CE	105	AGARACATI	1	
3º	CE	35	AGARACATI	148	
3º	CE	108	AGARACATI	32	
3º	CE	37	AGARACATI	29	
3º	CE	99	AGARACATI	122	
3º	CE	13	AGARACATI	1	
3º	CE	38	AGARACATI	517	
3º	CE	39	AGARACATI	1	
3º	CE	43	AGARACATI	2	
3º	RN	48	AGBRAN	16	
3º	RN	25	AGBRAN	4	
3º	RN	26	AGBRAN	142	
3º	RN	51	AGBRAN	3	
3º	RN	58	AGBRAN	1	
3º	RN	34	AGBRAN	96	
3º	RN	105	AGBRAN	3	
3º	RN	35	AGBRAN	52	
3º	RN	108	AGBRAN	64	
3º	RN	37	AGBRAN	25	
3º	RN	99	AGBRAN	103	
3º	RN	13	AGBRAN	2	
3º	RN	38	AGBRAN	170	
3º	RN	41	AGBRAN	1	
3º	CE	23	AGCAMOCIM	25	
3º	CE	48	AGCAMOCIM	22	
3º	CE	26	AGCAMOCIM	276	
3º	CE	51	AGCAMOCIM	1806	
3º	CE	32	AGCAMOCIM	1	
3º	CE	34	AGCAMOCIM	30	
3º	CE	35	AGCAMOCIM	237	
3º	CE	108	AGCAMOCIM	12	
3º	CE	37	AGCAMOCIM	4	
3º	CE	99	AGCAMOCIM	64	
3º	CE	13	AGCAMOCIM	6	
3º	CE	38	AGCAMOCIM	481	
3º	CE	41	AGCAMOCIM	2	
3º	CE	43	AGCAMOCIM	1	
1º	RJ	48	AGPARATI	9	
1º	RJ	25	AGPARATI	4	
1º	RJ	26	AGPARATI	1823	
1º	RJ	51	AGPARATI	305	
1º	RJ	28	AGPARATI	4	
1º	RJ	31	AGPARATI	23	
1º	RJ	32	AGPARATI	75	
1º	RJ	33	AGPARATI	22	
1º	RJ	44	AGPARATI	1	
1º	RJ	34	AGPARATI	1	
1º	RJ	105	AGPARATI	4	
1º	RJ	35	AGPARATI	1004	
1º	RJ	108	AGPARATI	186	
1º	RJ	37	AGPARATI	15	
1º	RJ	99	AGPARATI	427	
1º	RJ	13	AGPARATI	4	
1º	RJ	38	AGPARATI	15	
1º	RJ	42	AGPARATI	27	
1º	RJ	46	AGPARATI	80	
1º	RJ	43	AGPARATI	172	
1º	RJ	48	AGSJBARRA	1	
1º	RJ	26	AGSJBARRA	400	
1º	RJ	55	AGSJBARRA	1	
1º	RJ	51	AGSJBARRA	1389	
1º	RJ	28	AGSJBARRA	2	
1º	RJ	31	AGSJBARRA	24	
1º	RJ	32	AGSJBARRA	1	
1º	RJ	35	AGSJBARRA	154	
1º	RJ	108	AGSJBARRA	90	
1º	RJ	37	AGSJBARRA	1	
1º	RJ	13	AGSJBARRA	5	
1º	RJ	38	AGSJBARRA	177	
1º	RJ	46	AGSJBARRA	92	
5º	RS	109	AGTRAMANDAÍ	1	
5º	RS	48	AGTRAMANDAÍ	2	
5º	RS	25	AGTRAMANDAÍ	1	
5º	RS	26	AGTRAMANDAÍ	1679	
5º	RS	55	AGTRAMANDAÍ	2	
5º	RS	54	AGTRAMANDAÍ	5	
5º	RS	51	AGTRAMANDAÍ	157	
5º	RS	28	AGTRAMANDAÍ	4	
5º	RS	31	AGTRAMANDAÍ	37	
5º	RS	57	AGTRAMANDAÍ	1	
5º	RS	32	AGTRAMANDAÍ	1	
5º	RS	44	AGTRAMANDAÍ	2	
5º	RS	59	AGTRAMANDAÍ	1	
5º	RS	34	AGTRAMANDAÍ	4	
5º	RS	105	AGTRAMANDAÍ	2	
5º	RS	35	AGTRAMANDAÍ	798	
5º	RS	108	AGTRAMANDAÍ	545	
5º	RS	37	AGTRAMANDAÍ	1	
5º	RS	99	AGTRAMANDAÍ	306	
5º	RS	13	AGTRAMANDAÍ	3	
5º	RS	63	AGTRAMANDAÍ	1	
5º	RS	38	AGTRAMANDAÍ	15	
5º	RS	45	AGTRAMANDAÍ	1	
5º	RS	46	AGTRAMANDAÍ	3	
5º	RS	43	AGTRAMANDAÍ	14	
9º	AC	48	AGACRE	37	
9º	AC	25	AGACRE	2	
9º	AC	53	AGACRE	9	
9º	AC	26	AGACRE	20	
9º	AC	55	AGACRE	1	
9º	AC	54	AGACRE	1	
9º	AC	51	AGACRE	726	
9º	AC	10	AGACRE	143	
9º	AC	28	AGACRE	1	
9º	AC	31	AGACRE	37	
9º	AC	57	AGACRE	15	
9º	AC	33	AGACRE	55	
9º	AC	105	AGACRE	4	
9º	AC	35	AGACRE	2151	
9º	AC	108	AGACRE	106	
9º	AC	99	AGACRE	179	
9º	AC	13	AGACRE	33	
9º	AC	63	AGACRE	15	
9º	AC	20	AGACRE	1	
9º	AC	38	AGACRE	157	
9º	AC	41	AGACRE	47	
2º	BA	48	AGBJLP	18	
2º	BA	25	AGBJLP	6	
2º	BA	26	AGBJLP	452	
2º	BA	51	AGBJLP	1083	
2º	BA	28	AGBJLP	133	
2º	BA	31	AGBJLP	36	
2º	BA	57	AGBJLP	16	
2º	BA	33	AGBJLP	3	
2º	BA	34	AGBJLP	3	
2º	BA	105	AGBJLP	2	
2º	BA	35	AGBJLP	1883	
2º	BA	108	AGBJLP	108	
2º	BA	37	AGBJLP	3	
2º	BA	99	AGBJLP	178	
2º	BA	38	AGBJLP	2	
2º	BA	41	AGBJLP	15	
6º	MT	48	AGCACE	27	
6º	MT	25	AGCACE	2	
6º	MT	26	AGCACE	6920	
6º	MT	27	AGCACE	1	
6º	MT	51	AGCACE	370	
6º	MT	28	AGCACE	268	
6º	MT	31	AGCACE	32	
6º	MT	58	AGCACE	2	
6º	MT	33	AGCACE	41	
6º	MT	44	AGCACE	1	
6º	MT	59	AGCACE	1	
6º	MT	34	AGCACE	1	
6º	MT	35	AGCACE	742	
6º	MT	108	AGCACE	122	
6º	MT	37	AGCACE	2	
6º	MT	99	AGCACE	1407	
6º	MT	13	AGCACE	14	
6º	MT	41	AGCACE	14	
9º	RR	26	AGCRAI	3	
9º	RR	51	AGCRAI	70	
9º	RR	31	AGCRAI	1	
9º	RR	35	AGCRAI	24	
9º	RR	108	AGCRAI	5	
9º	RR	12	AGCRAI	1	
9º	AC	48	AGFCRS	31	
9º	AC	53	AGFCRS	98	
9º	AC	26	AGFCRS	107	
9º	AC	51	AGFCRS	259	
9º	AC	10	AGFCRS	4	
9º	AC	57	AGFCRS	3	
9º	AC	33	AGFCRS	32	
9º	AC	105	AGFCRS	1	
9º	AC	35	AGFCRS	41	
9º	AC	108	AGFCRS	13	
9º	AC	13	AGFCRS	12	
9º	AC	63	AGFCRS	5	
9º	AC	38	AGFCRS	3	
9º	AC	41	AGFCRS	6	
9º	AM	23	AGEIRUNEPÉ	1	
9º	AM	48	AGEIRUNEPÉ	38	
9º	AM	25	AGEIRUNEPÉ	10	
9º	AM	53	AGEIRUNEPÉ	369	
9º	AM	26	AGEIRUNEPÉ	93	
9º	AM	51	AGEIRUNEPÉ	225	
9º	AM	10	AGEIRUNEPÉ	7	
9º	AM	31	AGEIRUNEPÉ	5	
9º	AM	57	AGEIRUNEPÉ	19	
9º	AM	33	AGEIRUNEPÉ	19	
9º	AM	7	AGEIRUNEPÉ	2	
9º	AM	35	AGEIRUNEPÉ	74	
9º	AM	108	AGEIRUNEPÉ	26	
9º	AM	99	AGEIRUNEPÉ	27	
9º	AM	13	AGEIRUNEPÉ	3	
9º	AM	63	AGEIRUNEPÉ	6	
9º	AM	38	AGEIRUNEPÉ	13	
9º	AM	41	AGEIRUNEPÉ	21	
9º	AM	2	AGEIRUNEPÉ	1	
9º	RO	48	AgGMirim	16	
9º	RO	53	AgGMirim	1	
9º	RO	26	AgGMirim	1058	
9º	RO	51	AgGMirim	407	
9º	RO	28	AgGMirim	634	
9º	RO	31	AgGMirim	10	
9º	RO	57	AgGMirim	7	
9º	RO	33	AgGMirim	10	
9º	RO	35	AgGMirim	422	
9º	RO	108	AgGMirim	35	
9º	RO	99	AgGMirim	49	
9º	RO	13	AgGMirim	5	
9º	RO	63	AgGMirim	1	
9º	RO	38	AgGMirim	4	
9º	RO	4	AgGMirim	1	
9º	RO	41	AgGMirim	20	
9º	RO	12	AgGMirim	1	
9º	RO	42	AgGMirim	1	
9º	RO	2	AgGMirim	1	
9º	AM	48	AGHUMAITÁ	7	
9º	AM	53	AGHUMAITÁ	6	
9º	AM	26	AGHUMAITÁ	10	
9º	AM	51	AGHUMAITÁ	76	
9º	AM	10	AGHUMAITÁ	132	
9º	AM	30	AGHUMAITÁ	1	
9º	AM	31	AGHUMAITÁ	816	
9º	AM	57	AGHUMAITÁ	4	
9º	AM	33	AGHUMAITÁ	5	
9º	AM	35	AGHUMAITÁ	61	
9º	AM	13	AGHUMAITÁ	35	
9º	AM	63	AGHUMAITÁ	1	
9º	AM	38	AGHUMAITÁ	8	
9º	AM	41	AGHUMAITÁ	3	
9º	AM	2	AGHUMAITÁ	1	
7º	MA	48	AGIMPERATRIZ	67	
7º	MA	25	AGIMPERATRIZ	564	
7º	MA	53	AGIMPERATRIZ	1	
7º	MA	26	AGIMPERATRIZ	479	
7º	MA	54	AGIMPERATRIZ	2	
7º	MA	51	AGIMPERATRIZ	2582	
7º	MA	10	AGIMPERATRIZ	3	
7º	MA	28	AGIMPERATRIZ	600	
7º	MA	31	AGIMPERATRIZ	98	
7º	MA	57	AGIMPERATRIZ	12	
7º	MA	32	AGIMPERATRIZ	1	
7º	MA	33	AGIMPERATRIZ	17	
7º	MA	7	AGIMPERATRIZ	1	
7º	MA	59	AGIMPERATRIZ	2	
7º	MA	34	AGIMPERATRIZ	1	
7º	MA	105	AGIMPERATRIZ	69	
7º	MA	35	AGIMPERATRIZ	1383	
7º	MA	108	AGIMPERATRIZ	729	
7º	MA	37	AGIMPERATRIZ	6	
7º	MA	99	AGIMPERATRIZ	28	
7º	MA	13	AGIMPERATRIZ	9	
7º	MA	63	AGIMPERATRIZ	226	
7º	MA	38	AGIMPERATRIZ	4	
7º	MA	39	AGIMPERATRIZ	1	
7º	MA	41	AGIMPERATRIZ	60	
7º	MA	43	AGIMPERATRIZ	1	
9º	AM	48	AGITACOATIARA	48	
9º	AM	25	AGITACOATIARA	2	
9º	AM	53	AGITACOATIARA	1	
9º	AM	26	AGITACOATIARA	65	
9º	AM	51	AGITACOATIARA	165	
9º	AM	10	AGITACOATIARA	542	
9º	AM	56	AGITACOATIARA	1	
9º	AM	57	AGITACOATIARA	29	
9º	AM	33	AGITACOATIARA	36	
9º	AM	7	AGITACOATIARA	10	
9º	AM	59	AGITACOATIARA	2	
9º	AM	34	AGITACOATIARA	2	
9º	AM	35	AGITACOATIARA	351	
9º	AM	108	AGITACOATIARA	14	
9º	AM	99	AGITACOATIARA	23	
9º	AM	13	AGITACOATIARA	268	
9º	AM	63	AGITACOATIARA	198	
9º	AM	38	AGITACOATIARA	179	
9º	AM	39	AGITACOATIARA	2	
9º	AM	41	AGITACOATIARA	159	
9º	AM	12	AGITACOATIARA	1	
9º	AM	2	AGITACOATIARA	6	
9º	AM	106	AGITACOATIARA	4	
2º	BA	52	AGJUAZEIRO	1	
2º	BA	48	AGJUAZEIRO	34	
2º	BA	25	AGJUAZEIRO	395	
2º	BA	26	AGJUAZEIRO	253	
2º	BA	27	AGJUAZEIRO	1	
2º	BA	54	AGJUAZEIRO	2	
2º	BA	51	AGJUAZEIRO	1718	
2º	BA	10	AGJUAZEIRO	17	
2º	BA	28	AGJUAZEIRO	34	
2º	BA	30	AGJUAZEIRO	1	
2º	BA	31	AGJUAZEIRO	8	
2º	BA	57	AGJUAZEIRO	14	
2º	BA	32	AGJUAZEIRO	2	
2º	BA	33	AGJUAZEIRO	1	
2º	BA	44	AGJUAZEIRO	1	
2º	BA	34	AGJUAZEIRO	104	
2º	BA	105	AGJUAZEIRO	10	
2º	BA	35	AGJUAZEIRO	762	
2º	BA	108	AGJUAZEIRO	585	
2º	BA	37	AGJUAZEIRO	2	
2º	BA	99	AGJUAZEIRO	37	
2º	BA	13	AGJUAZEIRO	28	
2º	BA	63	AGJUAZEIRO	23	
2º	BA	38	AGJUAZEIRO	9	
2º	BA	41	AGJUAZEIRO	14	
2º	BA	12	AGJUAZEIRO	1	
2º	BA	43	AGJUAZEIRO	9	
9º	AM	48	AGPARINTINS	34	
9º	AM	25	AGPARINTINS	1	
9º	AM	53	AGPARINTINS	7	
9º	AM	26	AGPARINTINS	399	
9º	AM	51	AGPARINTINS	593	
9º	AM	10	AGPARINTINS	147	
9º	AM	28	AGPARINTINS	2	
9º	AM	31	AGPARINTINS	1	
9º	AM	57	AGPARINTINS	26	
9º	AM	33	AGPARINTINS	32	
9º	AM	7	AGPARINTINS	2	
9º	AM	59	AGPARINTINS	6	
9º	AM	103	AGPARINTINS	1	
9º	AM	35	AGPARINTINS	779	
9º	AM	60	AGPARINTINS	39	
9º	AM	108	AGPARINTINS	20	
9º	AM	99	AGPARINTINS	39	
9º	AM	13	AGPARINTINS	605	
9º	AM	63	AGPARINTINS	872	
9º	AM	38	AGPARINTINS	279	
9º	AM	4	AGPARINTINS	5	
9º	AM	41	AGPARINTINS	25	
9º	AM	12	AGPARINTINS	3	
9º	AM	2	AGPARINTINS	7	
9º	AM	106	AGPARINTINS	1	
3º	AL	48	AGPENEDO	14	
3º	AL	25	AGPENEDO	6	
3º	AL	26	AGPENEDO	112	
3º	AL	54	AGPENEDO	1	
3º	AL	51	AGPENEDO	1271	
3º	AL	57	AGPENEDO	2	
3º	AL	32	AGPENEDO	3	
3º	AL	33	AGPENEDO	6	
3º	AL	34	AGPENEDO	59	
3º	AL	105	AGPENEDO	2	
3º	AL	35	AGPENEDO	433	
3º	AL	60	AGPENEDO	1	
3º	AL	108	AGPENEDO	43	
3º	AL	37	AGPENEDO	16	
3º	AL	99	AGPENEDO	2300	
3º	AL	63	AGPENEDO	4	
3º	AL	38	AGPENEDO	132	
3º	AL	41	AGPENEDO	2	
3º	AL	42	AGPENEDO	1	
3º	AL	43	AGPENEDO	34	
6º	MS	48	AGPMURTINHO	10	
6º	MS	25	AGPMURTINHO	2	
6º	MS	53	AGPMURTINHO	1	
6º	MS	26	AGPMURTINHO	5139	
6º	MS	55	AGPMURTINHO	2	
6º	MS	51	AGPMURTINHO	6	
6º	MS	28	AGPMURTINHO	22	
6º	MS	56	AGPMURTINHO	1	
6º	MS	31	AGPMURTINHO	10	
6º	MS	33	AGPMURTINHO	9	
6º	MS	44	AGPMURTINHO	4	
6º	MS	35	AGPMURTINHO	839	
6º	MS	108	AGPMURTINHO	282	
6º	MS	99	AGPMURTINHO	935	
6º	MS	13	AGPMURTINHO	19	
6º	MS	63	AGPMURTINHO	1	
6º	MS	41	AGPMURTINHO	4	
6º	MS	43	AGPMURTINHO	1	
7º	MT	48	AGELIX	92	
7º	MT	25	AGELIX	8	
7º	MT	53	AGELIX	1	
7º	MT	26	AGELIX	254	
7º	MT	51	AGELIX	2556	
7º	MT	10	AGELIX	2	
7º	MT	28	AGELIX	374	
7º	MT	30	AGELIX	1	
7º	MT	31	AGELIX	5	
7º	MT	57	AGELIX	4	
7º	MT	33	AGELIX	36	
7º	MT	44	AGELIX	1	
7º	MT	105	AGELIX	22	
7º	MT	35	AGELIX	588	
7º	MT	108	AGELIX	311	
7º	MT	99	AGELIX	11	
7º	MT	13	AGELIX	9	
7º	MT	63	AGELIX	2	
7º	MT	43	AGELIX	2	
9º	AM	23	AGTEFE	1	
9º	AM	48	AGTEFE	65	
9º	AM	53	AGTEFE	259	
9º	AM	26	AGTEFE	176	
9º	AM	51	AGTEFE	53	
9º	AM	10	AGTEFE	147	
9º	AM	31	AGTEFE	15	
9º	AM	57	AGTEFE	62	
9º	AM	33	AGTEFE	111	
9º	AM	7	AGTEFE	6	
9º	AM	105	AGTEFE	3	
9º	AM	35	AGTEFE	475	
9º	AM	108	AGTEFE	8	
9º	AM	99	AGTEFE	279	
9º	AM	13	AGTEFE	55	
9º	AM	63	AGTEFE	46	
9º	AM	38	AGTEFE	172	
9º	AM	39	AGTEFE	2	
9º	AM	41	AGTEFE	118	
4º	PA	23	CPAOR	2	
4º	PA	109	CPAOR	1	
4º	PA	107	CPAOR	11	
4º	PA	52	CPAOR	2	
4º	PA	48	CPAOR	549	
4º	PA	25	CPAOR	327	
4º	PA	26	CPAOR	18	
4º	PA	27	CPAOR	3	
4º	PA	51	CPAOR	59	
4º	PA	10	CPAOR	1841	
4º	PA	28	CPAOR	23	
4º	PA	56	CPAOR	1	
4º	PA	31	CPAOR	20	
4º	PA	57	CPAOR	149	
4º	PA	32	CPAOR	4	
4º	PA	33	CPAOR	64	
4º	PA	7	CPAOR	17	
4º	PA	44	CPAOR	2	
4º	PA	59	CPAOR	17	
4º	PA	34	CPAOR	1	
4º	PA	105	CPAOR	15	
4º	PA	35	CPAOR	2679	
4º	PA	100	CPAOR	1	
4º	PA	108	CPAOR	1297	
4º	PA	37	CPAOR	2	
4º	PA	99	CPAOR	134	
4º	PA	13	CPAOR	956	
4º	PA	63	CPAOR	3441	
4º	PA	38	CPAOR	5774	
4º	PA	39	CPAOR	4	
4º	PA	4	CPAOR	6	
4º	PA	8	CPAOR	3	
4º	PA	41	CPAOR	479	
4º	PA	9	CPAOR	2	
4º	PA	12	CPAOR	26	
4º	PA	42	CPAOR	2	
4º	PA	106	CPAOR	7	
4º	PA	43	CPAOR	22	
2º	BA	52	CPBA	2	
2º	BA	48	CPBA	97	
2º	BA	25	CPBA	185	
2º	BA	26	CPBA	1209	
2º	BA	27	CPBA	5	
2º	BA	55	CPBA	3	
2º	BA	54	CPBA	3	
2º	BA	51	CPBA	1810	
2º	BA	10	CPBA	2	
2º	BA	28	CPBA	90	
2º	BA	31	CPBA	15	
2º	BA	57	CPBA	6	
2º	BA	32	CPBA	220	
2º	BA	33	CPBA	90	
2º	BA	44	CPBA	1	
2º	BA	59	CPBA	92	
2º	BA	34	CPBA	163	
2º	BA	105	CPBA	17	
2º	BA	103	CPBA	2	
2º	BA	35	CPBA	6392	
2º	BA	60	CPBA	1	
2º	BA	47	CPBA	2	
2º	BA	100	CPBA	1	
2º	BA	108	CPBA	2822	
2º	BA	37	CPBA	47	
2º	BA	99	CPBA	694	
2º	BA	13	CPBA	3	
2º	BA	38	CPBA	52	
2º	BA	39	CPBA	1	
2º	BA	4	CPBA	29	
2º	BA	111	CPBA	1	
2º	BA	18	CPBA	2	
2º	BA	8	CPBA	4	
2º	BA	6	CPBA	1	
2º	BA	110	CPBA	1	
2º	BA	41	CPBA	27	
2º	BA	12	CPBA	12	
2º	BA	42	CPBA	5877	
2º	BA	2	CPBA	2	
2º	BA	46	CPBA	9	
2º	BA	106	CPBA	1	
2º	BA	43	CPBA	758	
3º	PB	48	CPPB	8	
3º	PB	25	CPPB	1	
3º	PB	26	CPPB	832	
3º	PB	27	CPPB	1	
3º	PB	55	CPPB	2	
3º	PB	54	CPPB	14	
3º	PB	51	CPPB	1529	
3º	PB	28	CPPB	4	
3º	PB	31	CPPB	5	
3º	PB	57	CPPB	2	
3º	PB	33	CPPB	37	
3º	PB	44	CPPB	1	
3º	PB	34	CPPB	1631	
3º	PB	105	CPPB	26	
3º	PB	35	CPPB	858	
3º	PB	108	CPPB	1413	
3º	PB	37	CPPB	50	
3º	PB	99	CPPB	36	
3º	PB	13	CPPB	1	
3º	PB	38	CPPB	21	
3º	PB	41	CPPB	5	
3º	PB	42	CPPB	1	
3º	PB	46	CPPB	2	
3º	PB	43	CPPB	170	
3º	AL	107	CPAL	2	
3º	AL	48	CPAL	18	
3º	AL	25	CPAL	2	
3º	AL	53	CPAL	1	
3º	AL	26	CPAL	1073	
3º	AL	55	CPAL	1	
3º	AL	54	CPAL	5	
3º	AL	51	CPAL	1216	
3º	AL	28	CPAL	9	
3º	AL	31	CPAL	18	
3º	AL	32	CPAL	14	
3º	AL	33	CPAL	9	
3º	AL	44	CPAL	3	
3º	AL	59	CPAL	4	
3º	AL	34	CPAL	2964	
3º	AL	105	CPAL	11	
3º	AL	35	CPAL	1352	
3º	AL	60	CPAL	4	
3º	AL	108	CPAL	1175	
3º	AL	37	CPAL	109	
3º	AL	99	CPAL	635	
3º	AL	13	CPAL	1	
3º	AL	38	CPAL	22	
3º	AL	4	CPAL	2	
3º	AL	41	CPAL	2	
3º	AL	42	CPAL	1	
3º	AL	45	CPAL	2	
3º	AL	2	CPAL	1	
3º	AL	46	CPAL	2	
3º	AL	43	CPAL	46	
3º	PE	52	CPPE	1	
3º	PE	48	CPPE	18	
3º	PE	25	CPPE	103	
3º	PE	26	CPPE	1237	
3º	PE	54	CPPE	1	
3º	PE	51	CPPE	60	
3º	PE	10	CPPE	8	
3º	PE	28	CPPE	4	
3º	PE	30	CPPE	1	
3º	PE	31	CPPE	130	
3º	PE	57	CPPE	1	
3º	PE	32	CPPE	4	
3º	PE	33	CPPE	41	
3º	PE	44	CPPE	1	
3º	PE	59	CPPE	8	
3º	PE	34	CPPE	3518	
3º	PE	105	CPPE	72	
3º	PE	103	CPPE	1	
3º	PE	35	CPPE	2932	
3º	PE	108	CPPE	2119	
3º	PE	37	CPPE	81	
3º	PE	62	CPPE	1	
3º	PE	99	CPPE	913	
3º	PE	13	CPPE	14	
3º	PE	38	CPPE	71	
3º	PE	39	CPPE	1	
3º	PE	4	CPPE	6	
3º	PE	111	CPPE	1	
3º	PE	1	CPPE	1	
3º	PE	8	CPPE	1	
3º	PE	6	CPPE	1	
3º	PE	41	CPPE	3	
3º	PE	12	CPPE	1	
3º	PE	42	CPPE	1	
3º	PE	2	CPPE	3	
3º	PE	46	CPPE	3	
3º	PE	106	CPPE	1	
3º	PE	43	CPPE	223	
5º	SC	23	CPSC	2	
5º	SC	48	CPSC	166	
5º	SC	25	CPSC	8	
5º	SC	53	CPSC	6	
5º	SC	26	CPSC	5264	
5º	SC	55	CPSC	11	
5º	SC	54	CPSC	4	
5º	SC	51	CPSC	697	
5º	SC	28	CPSC	42	
5º	SC	31	CPSC	19	
5º	SC	32	CPSC	37	
5º	SC	33	CPSC	46	
5º	SC	44	CPSC	2	
5º	SC	59	CPSC	6	
5º	SC	105	CPSC	24	
5º	SC	103	CPSC	2	
5º	SC	35	CPSC	6508	
5º	SC	60	CPSC	1	
5º	SC	108	CPSC	3010	
5º	SC	37	CPSC	15	
5º	SC	99	CPSC	2069	
5º	SC	13	CPSC	11	
5º	SC	63	CPSC	1	
5º	SC	38	CPSC	1199	
5º	SC	39	CPSC	3	
5º	SC	41	CPSC	12	
5º	SC	42	CPSC	3	
5º	SC	46	CPSC	13	
5º	SC	43	CPSC	515	
8º	SP	109	CPSP	1	
8º	SP	102	CPSP	1	
8º	SP	48	CPSP	243	
8º	SP	25	CPSP	55	
8º	SP	53	CPSP	47	
8º	SP	26	CPSP	25313	
8º	SP	27	CPSP	10	
8º	SP	55	CPSP	6	
8º	SP	54	CPSP	2	
8º	SP	51	CPSP	946	
8º	SP	10	CPSP	4	
8º	SP	28	CPSP	811	
8º	SP	30	CPSP	1	
8º	SP	31	CPSP	541	
8º	SP	57	CPSP	18	
8º	SP	32	CPSP	31	
8º	SP	24	CPSP	1	
8º	SP	33	CPSP	687	
8º	SP	7	CPSP	2	
8º	SP	50	CPSP	2	
8º	SP	44	CPSP	13	
8º	SP	59	CPSP	24	
8º	SP	34	CPSP	87	
8º	SP	105	CPSP	159	
8º	SP	103	CPSP	3	
8º	SP	35	CPSP	20580	
8º	SP	60	CPSP	3	
8º	SP	108	CPSP	21358	
8º	SP	37	CPSP	48	
8º	SP	62	CPSP	2	
8º	SP	99	CPSP	17716	
8º	SP	13	CPSP	9	
8º	SP	38	CPSP	247	
8º	SP	39	CPSP	3	
8º	SP	4	CPSP	4	
8º	SP	111	CPSP	1	
8º	SP	8	CPSP	1	
8º	SP	6	CPSP	1	
8º	SP	41	CPSP	145	
8º	SP	9	CPSP	1	
8º	SP	12	CPSP	20	
8º	SP	42	CPSP	14	
8º	SP	45	CPSP	2	
8º	SP	2	CPSP	1	
8º	SP	46	CPSP	37	
8º	SP	43	CPSP	2454	
2º	SE	52	CPSE	1	
2º	SE	48	CPSE	19	
2º	SE	26	CPSE	701	
2º	SE	55	CPSE	1	
2º	SE	51	CPSE	234	
2º	SE	28	CPSE	3	
2º	SE	31	CPSE	2	
2º	SE	32	CPSE	6	
2º	SE	33	CPSE	6	
2º	SE	59	CPSE	1	
2º	SE	34	CPSE	336	
2º	SE	105	CPSE	10	
2º	SE	35	CPSE	901	
2º	SE	108	CPSE	852	
2º	SE	37	CPSE	11	
2º	SE	99	CPSE	709	
2º	SE	13	CPSE	13	
2º	SE	63	CPSE	1	
2º	SE	38	CPSE	112	
2º	SE	39	CPSE	3	
2º	SE	17	CPSE	1	
2º	SE	41	CPSE	4	
2º	SE	42	CPSE	2	
2º	SE	46	CPSE	1	
2º	SE	43	CPSE	19	
4º	AP	23	CPAP	1	
4º	AP	107	CPAP	3	
4º	AP	48	CPAP	82	
4º	AP	25	CPAP	1037	
4º	AP	53	CPAP	1	
4º	AP	26	CPAP	11	
4º	AP	27	CPAP	1	
4º	AP	51	CPAP	1022	
4º	AP	10	CPAP	2348	
4º	AP	28	CPAP	1	
4º	AP	56	CPAP	6	
4º	AP	31	CPAP	4	
4º	AP	57	CPAP	26	
4º	AP	33	CPAP	16	
4º	AP	59	CPAP	28	
4º	AP	34	CPAP	2	
4º	AP	105	CPAP	8	
4º	AP	35	CPAP	2325	
4º	AP	108	CPAP	265	
4º	AP	37	CPAP	1	
4º	AP	99	CPAP	45	
4º	AP	13	CPAP	300	
4º	AP	63	CPAP	2588	
4º	AP	20	CPAP	4	
4º	AP	38	CPAP	1250	
4º	AP	4	CPAP	3	
4º	AP	41	CPAP	20	
4º	AP	9	CPAP	1	
4º	AP	12	CPAP	26	
4º	AP	2	CPAP	3	
4º	AP	43	CPAP	4	
3º	CE	23	CPCE	1	
3º	CE	48	CPCE	36	
3º	CE	25	CPCE	8	
3º	CE	53	CPCE	3	
3º	CE	26	CPCE	433	
3º	CE	51	CPCE	1003	
3º	CE	10	CPCE	1	
3º	CE	28	CPCE	1	
3º	CE	31	CPCE	1	
3º	CE	32	CPCE	3	
3º	CE	33	CPCE	6	
3º	CE	44	CPCE	1	
3º	CE	59	CPCE	10	
3º	CE	34	CPCE	1487	
3º	CE	105	CPCE	10	
3º	CE	103	CPCE	1	
3º	CE	35	CPCE	1096	
3º	CE	108	CPCE	978	
3º	CE	37	CPCE	42	
3º	CE	99	CPCE	89	
3º	CE	13	CPCE	7	
3º	CE	63	CPCE	1	
3º	CE	38	CPCE	659	
3º	CE	41	CPCE	10	
3º	CE	42	CPCE	1	
3º	CE	45	CPCE	6	
3º	CE	106	CPCE	2	
3º	CE	43	CPCE	51	
1º	ES	109	CPES	1	
1º	ES	107	CPES	1	
1º	ES	52	CPES	3	
1º	ES	48	CPES	131	
1º	ES	25	CPES	40	
1º	ES	53	CPES	6	
1º	ES	26	CPES	8578	
1º	ES	27	CPES	7	
1º	ES	55	CPES	16	
1º	ES	54	CPES	5	
1º	ES	51	CPES	1150	
1º	ES	10	CPES	2	
1º	ES	28	CPES	73	
1º	ES	31	CPES	61	
1º	ES	32	CPES	21	
1º	ES	33	CPES	66	
1º	ES	7	CPES	1	
1º	ES	44	CPES	1	
1º	ES	59	CPES	1	
1º	ES	34	CPES	13	
1º	ES	105	CPES	8	
1º	ES	103	CPES	1	
1º	ES	35	CPES	2931	
1º	ES	47	CPES	1	
1º	ES	108	CPES	3280	
1º	ES	37	CPES	6	
1º	ES	61	CPES	1	
1º	ES	99	CPES	1778	
1º	ES	13	CPES	8	
1º	ES	20	CPES	1	
1º	ES	38	CPES	484	
1º	ES	39	CPES	3	
1º	ES	18	CPES	1	
1º	ES	41	CPES	24	
1º	ES	9	CPES	1	
1º	ES	42	CPES	51	
1º	ES	45	CPES	2	
1º	ES	2	CPES	1	
1º	ES	46	CPES	33	
1º	ES	43	CPES	162	
4º	MA	23	CPMA	1	
4º	MA	107	CPMA	1	
4º	MA	48	CPMA	34	
4º	MA	25	CPMA	170	
4º	MA	53	CPMA	2	
4º	MA	26	CPMA	252	
4º	MA	51	CPMA	45	
4º	MA	10	CPMA	93	
4º	MA	28	CPMA	15	
4º	MA	31	CPMA	7	
4º	MA	57	CPMA	13	
4º	MA	32	CPMA	3	
4º	MA	33	CPMA	28	
4º	MA	7	CPMA	5	
4º	MA	44	CPMA	1	
4º	MA	59	CPMA	1	
4º	MA	34	CPMA	3	
4º	MA	105	CPMA	10	
4º	MA	103	CPMA	1	
4º	MA	35	CPMA	1397	
4º	MA	108	CPMA	689	
4º	MA	37	CPMA	78	
4º	MA	99	CPMA	506	
4º	MA	13	CPMA	209	
4º	MA	63	CPMA	85	
4º	MA	20	CPMA	2	
4º	MA	38	CPMA	2460	
4º	MA	39	CPMA	5	
4º	MA	4	CPMA	26	
4º	MA	18	CPMA	2	
4º	MA	6	CPMA	1	
4º	MA	41	CPMA	22	
4º	MA	12	CPMA	8	
4º	MA	22	CPMA	1	
4º	MA	45	CPMA	3	
4º	MA	2	CPMA	4	
4º	MA	43	CPMA	74	
7º	PR	23	CFAT	1	
7º	PR	52	CFAT	1	
7º	PR	48	CFAT	36	
7º	PR	25	CFAT	12	
7º	PR	53	CFAT	2	
7º	PR	26	CFAT	7430	
7º	PR	55	CFAT	3	
7º	PR	54	CFAT	2	
7º	PR	51	CFAT	2974	
7º	PR	28	CFAT	45	
7º	PR	30	CFAT	1	
7º	PR	31	CFAT	36	
7º	PR	57	CFAT	4	
7º	PR	32	CFAT	13	
7º	PR	33	CFAT	19	
7º	PR	44	CFAT	2	
7º	PR	59	CFAT	2	
7º	PR	34	CFAT	5	
7º	PR	105	CFAT	11	
7º	PR	103	CFAT	3	
7º	PR	35	CFAT	9826	
7º	PR	60	CFAT	1	
7º	PR	108	CFAT	2639	
7º	PR	37	CFAT	3	
7º	PR	99	CFAT	4309	
7º	PR	13	CFAT	21	
7º	PR	63	CFAT	2	
7º	PR	38	CFAT	143	
7º	PR	4	CFAT	1	
7º	PR	111	CFAT	1	
7º	PR	41	CFAT	16	
7º	PR	12	CFAT	3	
7º	PR	2	CFAT	1	
7º	PR	46	CFAT	1	
7º	PR	43	CFAT	602	
4º	PI	48	CPPI	33	
4º	PI	26	CPPI	93	
4º	PI	51	CPPI	294	
4º	PI	10	CPPI	3	
4º	PI	28	CPPI	6	
4º	PI	31	CPPI	17	
4º	PI	57	CPPI	3	
4º	PI	33	CPPI	16	
4º	PI	59	CPPI	2	
4º	PI	34	CPPI	33	
4º	PI	105	CPPI	21	
4º	PI	35	CPPI	761	
4º	PI	108	CPPI	605	
4º	PI	37	CPPI	6	
4º	PI	99	CPPI	844	
4º	PI	13	CPPI	2	
4º	PI	63	CPPI	11	
4º	PI	38	CPPI	344	
4º	PI	41	CPPI	7	
4º	PI	43	CPPI	2	
1º	RJ	23	CPRJ	3	
1º	RJ	109	CPRJ	1	
1º	RJ	107	CPRJ	1	
1º	RJ	52	CPRJ	12	
1º	RJ	102	CPRJ	14	
1º	RJ	48	CPRJ	324	
1º	RJ	25	CPRJ	440	
1º	RJ	53	CPRJ	21	
1º	RJ	26	CPRJ	5946	
1º	RJ	27	CPRJ	29	
1º	RJ	55	CPRJ	9	
1º	RJ	54	CPRJ	9	
1º	RJ	51	CPRJ	116	
1º	RJ	10	CPRJ	34	
1º	RJ	28	CPRJ	317	
1º	RJ	30	CPRJ	40	
1º	RJ	31	CPRJ	116	
1º	RJ	57	CPRJ	5	
1º	RJ	32	CPRJ	52	
1º	RJ	104	CPRJ	1	
1º	RJ	24	CPRJ	19	
1º	RJ	58	CPRJ	3	
1º	RJ	33	CPRJ	632	
1º	RJ	7	CPRJ	24	
1º	RJ	44	CPRJ	9	
1º	RJ	59	CPRJ	106	
1º	RJ	34	CPRJ	69	
1º	RJ	105	CPRJ	22	
1º	RJ	103	CPRJ	12	
1º	RJ	35	CPRJ	15450	
1º	RJ	60	CPRJ	5	
1º	RJ	47	CPRJ	73	
1º	RJ	100	CPRJ	1	
1º	RJ	108	CPRJ	4132	
1º	RJ	37	CPRJ	97	
1º	RJ	61	CPRJ	8	
1º	RJ	99	CPRJ	11616	
1º	RJ	13	CPRJ	39	
1º	RJ	63	CPRJ	3	
1º	RJ	38	CPRJ	314	
1º	RJ	39	CPRJ	45	
1º	RJ	4	CPRJ	77	
1º	RJ	111	CPRJ	2	
1º	RJ	18	CPRJ	4	
1º	RJ	1	CPRJ	9	
1º	RJ	17	CPRJ	26	
1º	RJ	8	CPRJ	9	
1º	RJ	6	CPRJ	5	
1º	RJ	110	CPRJ	1	
1º	RJ	41	CPRJ	448	
1º	RJ	9	CPRJ	1	
1º	RJ	12	CPRJ	2	
1º	RJ	42	CPRJ	52	
1º	RJ	22	CPRJ	19	
1º	RJ	45	CPRJ	355	
1º	RJ	2	CPRJ	1	
1º	RJ	46	CPRJ	620	
1º	RJ	15	CPRJ	3	
1º	RJ	106	CPRJ	14	
1º	RJ	43	CPRJ	4779	
3º	RN	48	CPRN	101	
3º	RN	53	CPRN	1	
3º	RN	26	CPRN	1021	
3º	RN	51	CPRN	288	
3º	RN	10	CPRN	11	
3º	RN	28	CPRN	4	
3º	RN	31	CPRN	5	
3º	RN	32	CPRN	5	
3º	RN	33	CPRN	9	
3º	RN	7	CPRN	1	
3º	RN	44	CPRN	1	
3º	RN	59	CPRN	5	
3º	RN	34	CPRN	1192	
3º	RN	105	CPRN	16	
3º	RN	35	CPRN	825	
3º	RN	47	CPRN	4	
3º	RN	108	CPRN	712	
3º	RN	37	CPRN	62	
3º	RN	61	CPRN	1	
3º	RN	99	CPRN	686	
3º	RN	13	CPRN	15	
3º	RN	63	CPRN	1	
3º	RN	38	CPRN	217	
3º	RN	39	CPRN	1	
3º	RN	41	CPRN	5	
3º	RN	42	CPRN	2	
3º	RN	45	CPRN	1	
3º	RN	46	CPRN	1	
3º	RN	43	CPRN	58	
5º	RS	52	CPRS	2	
5º	RS	48	CPRS	19	
5º	RS	25	CPRS	6	
5º	RS	53	CPRS	2	
5º	RS	26	CPRS	5899	
5º	RS	27	CPRS	2	
5º	RS	55	CPRS	2	
5º	RS	54	CPRS	263	
5º	RS	51	CPRS	269	
5º	RS	10	CPRS	4	
5º	RS	28	CPRS	4	
5º	RS	31	CPRS	70	
5º	RS	57	CPRS	2	
5º	RS	32	CPRS	11	
5º	RS	24	CPRS	1	
5º	RS	33	CPRS	2	
5º	RS	44	CPRS	1	
5º	RS	59	CPRS	5	
5º	RS	105	CPRS	2	
5º	RS	35	CPRS	1076	
5º	RS	60	CPRS	2	
5º	RS	108	CPRS	491	
5º	RS	37	CPRS	3	
5º	RS	99	CPRS	1899	
5º	RS	13	CPRS	2	
5º	RS	38	CPRS	179	
5º	RS	39	CPRS	2	
5º	RS	4	CPRS	4	
5º	RS	111	CPRS	1	
5º	RS	17	CPRS	2	
5º	RS	110	CPRS	1	
5º	RS	41	CPRS	14	
5º	RS	12	CPRS	1	
5º	RS	46	CPRS	2	
5º	RS	43	CPRS	419	
9º	AM	107	CFAOC	1	
9º	AM	48	CFAOC	1704	
9º	AM	25	CFAOC	220	
9º	AM	53	CFAOC	2	
9º	AM	26	CFAOC	112	
9º	AM	27	CFAOC	5	
9º	AM	51	CFAOC	92	
9º	AM	10	CFAOC	1528	
9º	AM	28	CFAOC	9	
9º	AM	30	CFAOC	8	
9º	AM	31	CFAOC	17	
9º	AM	57	CFAOC	267	
9º	AM	58	CFAOC	1	
9º	AM	33	CFAOC	281	
9º	AM	7	CFAOC	68	
9º	AM	59	CFAOC	43	
9º	AM	34	CFAOC	1	
9º	AM	105	CFAOC	4	
9º	AM	103	CFAOC	2	
9º	AM	35	CFAOC	6135	
9º	AM	60	CFAOC	1	
9º	AM	108	CFAOC	1287	
9º	AM	37	CFAOC	39	
9º	AM	99	CFAOC	144	
9º	AM	13	CFAOC	587	
9º	AM	63	CFAOC	569	
9º	AM	20	CFAOC	1	
9º	AM	38	CFAOC	1189	
9º	AM	39	CFAOC	4	
9º	AM	4	CFAOC	18	
9º	AM	111	CFAOC	1	
9º	AM	8	CFAOC	8	
9º	AM	41	CFAOC	823	
9º	AM	9	CFAOC	2	
9º	AM	12	CFAOC	24	
9º	AM	22	CFAOC	1	
9º	AM	2	CFAOC	59	
9º	AM	15	CFAOC	2	
9º	AM	106	CFAOC	1	
9º	AM	43	CFAOC	5	
7º	DF	48	CPFBRA	73	
7º	DF	25	CPFBRA	25	
7º	DF	53	CPFBRA	1	
7º	DF	26	CPFBRA	4754	
7º	DF	27	CPFBRA	3	
7º	DF	55	CPFBRA	3	
7º	DF	51	CPFBRA	1039	
7º	DF	10	CPFBRA	4	
7º	DF	28	CPFBRA	13432	
7º	DF	31	CPFBRA	211	
7º	DF	57	CPFBRA	3	
7º	DF	32	CPFBRA	3	
7º	DF	33	CPFBRA	136	
7º	DF	50	CPFBRA	1	
7º	DF	44	CPFBRA	1	
7º	DF	34	CPFBRA	91	
7º	DF	105	CPFBRA	46	
7º	DF	103	CPFBRA	5	
7º	DF	35	CPFBRA	7863	
7º	DF	60	CPFBRA	1	
7º	DF	47	CPFBRA	2	
7º	DF	108	CPFBRA	6049	
7º	DF	37	CPFBRA	79	
7º	DF	99	CPFBRA	16701	
7º	DF	13	CPFBRA	11	
7º	DF	1	CPFBRA	1	
7º	DF	41	CPFBRA	26	
7º	DF	42	CPFBRA	4	
7º	DF	46	CPFBRA	3	
7º	DF	43	CPFBRA	990	
5º	RS	109	CFPA	1	
5º	RS	102	CFPA	1	
5º	RS	48	CFPA	99	
5º	RS	25	CFPA	35	
5º	RS	53	CFPA	5	
5º	RS	26	CFPA	9587	
5º	RS	27	CFPA	3	
5º	RS	55	CFPA	4	
5º	RS	54	CFPA	19	
5º	RS	51	CFPA	185	
5º	RS	10	CFPA	10	
5º	RS	28	CFPA	73	
5º	RS	31	CFPA	263	
5º	RS	57	CFPA	12	
5º	RS	32	CFPA	13	
5º	RS	33	CFPA	38	
5º	RS	7	CFPA	85	
5º	RS	50	CFPA	2	
5º	RS	44	CFPA	4	
5º	RS	59	CFPA	7	
5º	RS	34	CFPA	10	
5º	RS	105	CFPA	18	
5º	RS	103	CFPA	1	
5º	RS	35	CFPA	7215	
5º	RS	60	CFPA	3	
5º	RS	108	CFPA	4968	
5º	RS	37	CFPA	31	
5º	RS	99	CFPA	944	
5º	RS	13	CFPA	5	
5º	RS	63	CFPA	2	
5º	RS	38	CFPA	25	
5º	RS	4	CFPA	4	
5º	RS	18	CFPA	1	
5º	RS	1	CFPA	4	
5º	RS	6	CFPA	1	
5º	RS	41	CFPA	95	
5º	RS	12	CFPA	1	
5º	RS	42	CFPA	1	
5º	RS	2	CFPA	3	
5º	RS	46	CFPA	2	
5º	RS	106	CFPA	2	
5º	RS	43	CFPA	1130	
4º	PA	23	CFS	1	
4º	PA	52	CFS	4	
4º	PA	102	CFS	1	
4º	PA	48	CFS	475	
4º	PA	25	CFS	62	
4º	PA	53	CFS	7	
4º	PA	26	CFS	38	
4º	PA	51	CFS	128	
4º	PA	10	CFS	422	
4º	PA	56	CFS	1	
4º	PA	30	CFS	2	
4º	PA	31	CFS	49	
4º	PA	57	CFS	132	
4º	PA	32	CFS	1	
4º	PA	33	CFS	86	
4º	PA	7	CFS	3	
4º	PA	59	CFS	80	
4º	PA	105	CFS	3	
4º	PA	35	CFS	2119	
4º	PA	108	CFS	434	
4º	PA	37	CFS	15	
4º	PA	61	CFS	1	
4º	PA	99	CFS	95	
4º	PA	13	CFS	1274	
4º	PA	63	CFS	2204	
4º	PA	20	CFS	5	
4º	PA	38	CFS	2956	
4º	PA	4	CFS	23	
4º	PA	41	CFS	55	
4º	PA	9	CFS	3	
4º	PA	12	CFS	21	
4º	PA	2	CFS	16	
4º	PA	106	CFS	1	
4º	PA	43	CFS	2	
9º	AM	23	CFT	1	
9º	AM	109	CFT	1	
9º	AM	48	CFT	30	
9º	AM	25	CFT	1	
9º	AM	53	CFT	8	
9º	AM	26	CFT	572	
9º	AM	55	CFT	4	
9º	AM	51	CFT	1215	
9º	AM	10	CFT	49	
9º	AM	31	CFT	4	
9º	AM	57	CFT	17	
9º	AM	33	CFT	112	
9º	AM	59	CFT	5	
9º	AM	103	CFT	1	
9º	AM	35	CFT	457	
9º	AM	108	CFT	1	
9º	AM	99	CFT	127	
9º	AM	13	CFT	8	
9º	AM	63	CFT	8	
9º	AM	38	CFT	18	
9º	AM	41	CFT	26	
9º	AM	2	CFT	1	
7º	TO	48	CFAT	28	
7º	TO	25	CFAT	5	
7º	TO	26	CFAT	518	
7º	TO	51	CFAT	2935	
7º	TO	21	CFAT	1	
7º	TO	10	CFAT	2	
7º	TO	28	CFAT	648	
7º	TO	31	CFAT	17	
7º	TO	57	CFAT	10	
7º	TO	32	CFAT	5	
7º	TO	33	CFAT	22	
7º	TO	44	CFAT	1	
7º	TO	34	CFAT	7	
7º	TO	105	CFAT	44	
7º	TO	35	CFAT	2024	
7º	TO	108	CFAT	890	
7º	TO	37	CFAT	46	
7º	TO	99	CFAT	14	
7º	TO	13	CFAT	3	
7º	TO	63	CFAT	2	
7º	TO	38	CFAT	1	
7º	TO	41	CFAT	3	
7º	TO	46	CFAT	1	
7º	TO	43	CFAT	6	
6º	MS	107	CFPN	8	
6º	MS	48	CFPN	33	
6º	MS	25	CFPN	28	
6º	MS	26	CFPN	7602	
6º	MS	51	CFPN	2	
6º	MS	10	CFPN	2	
6º	MS	28	CFPN	70	
6º	MS	31	CFPN	31	
6º	MS	57	CFPN	24	
6º	MS	32	CFPN	1	
6º	MS	33	CFPN	34	
6º	MS	105	CFPN	2	
6º	MS	103	CFPN	2	
6º	MS	35	CFPN	1519	
6º	MS	108	CFPN	391	
6º	MS	37	CFPN	1	
6º	MS	99	CFPN	3223	
6º	MS	13	CFPN	49	
6º	MS	38	CFPN	1	
6º	MS	1	CFPN	1	
6º	MS	41	CFPN	26	
6º	MS	12	CFPN	1	
6º	MS	43	CFPN	5	
8º	PR	48	CFRP	60	
8º	PR	25	CFRP	1	
8º	PR	53	CFRP	8	
8º	PR	26	CFRP	1312	
8º	PR	51	CFRP	73	
8º	PR	28	CFRP	28	
8º	PR	31	CFRP	148	
8º	PR	57	CFRP	8	
8º	PR	32	CFRP	1	
8º	PR	33	CFRP	64	
8º	PR	7	CFRP	2	
8º	PR	34	CFRP	1	
8º	PR	105	CFRP	14	
8º	PR	103	CFRP	6	
8º	PR	35	CFRP	11913	
8º	PR	60	CFRP	2	
8º	PR	108	CFRP	1526	
8º	PR	37	CFRP	4	
8º	PR	99	CFRP	511	
8º	PR	41	CFRP	40	
8º	PR	43	CFRP	27	
2º	MG	48	CFSF	81	
2º	MG	25	CFSF	12	
2º	MG	53	CFSF	3	
2º	MG	26	CFSF	6511	
2º	MG	55	CFSF	1	
2º	MG	51	CFSF	6803	
2º	MG	28	CFSF	526	
2º	MG	31	CFSF	557	
2º	MG	57	CFSF	11	
2º	MG	32	CFSF	2	
2º	MG	33	CFSF	6	
2º	MG	44	CFSF	2	
2º	MG	34	CFSF	5	
2º	MG	105	CFSF	7	
2º	MG	35	CFSF	5028	
2º	MG	100	CFSF	2	
2º	MG	108	CFSF	1426	
2º	MG	37	CFSF	5	
2º	MG	99	CFSF	1251	
2º	MG	13	CFSF	4	
2º	MG	38	CFSF	5	
2º	MG	39	CFSF	1	
2º	MG	41	CFSF	32	
2º	MG	12	CFSF	1	
2º	MG	43	CFSF	44	
8º	SP	23	CFTP	1	
8º	SP	48	CFTP	106	
8º	SP	25	CFTP	92	
8º	SP	53	CFTP	102	
8º	SP	26	CFTP	46423	
8º	SP	27	CFTP	1	
8º	SP	55	CFTP	3	
8º	SP	51	CFTP	139	
8º	SP	10	CFTP	3	
8º	SP	28	CFTP	271	
8º	SP	30	CFTP	2	
8º	SP	31	CFTP	446	
8º	SP	57	CFTP	134	
8º	SP	32	CFTP	2	
8º	SP	33	CFTP	335	
8º	SP	44	CFTP	14	
8º	SP	59	CFTP	5	
8º	SP	34	CFTP	29	
8º	SP	105	CFTP	54	
8º	SP	103	CFTP	1	
8º	SP	35	CFTP	10602	
8º	SP	60	CFTP	1	
8º	SP	108	CFTP	7650	
8º	SP	37	CFTP	105	
8º	SP	62	CFTP	1	
8º	SP	99	CFTP	9157	
8º	SP	13	CFTP	27	
8º	SP	38	CFTP	25	
8º	SP	39	CFTP	5	
8º	SP	1	CFTP	1	
8º	SP	41	CFTP	74	
8º	SP	12	CFTP	2	
8º	SP	42	CFTP	2	
8º	SP	2	CFTP	2	
8º	SP	46	CFTP	2	
8º	SP	43	CFTP	171	
1º	RJ	48	DelAReis	30	
1º	RJ	25	DelAReis	111	
1º	RJ	26	DelAReis	2372	
1º	RJ	27	DelAReis	1	
1º	RJ	51	DelAReis	8	
1º	RJ	28	DelAReis	7	
1º	RJ	30	DelAReis	4	
1º	RJ	31	DelAReis	52	
1º	RJ	32	DelAReis	120	
1º	RJ	24	DelAReis	3	
1º	RJ	33	DelAReis	42	
1º	RJ	59	DelAReis	19	
1º	RJ	34	DelAReis	12	
1º	RJ	105	DelAReis	17	
1º	RJ	35	DelAReis	5700	
1º	RJ	47	DelAReis	1	
1º	RJ	108	DelAReis	1335	
1º	RJ	37	DelAReis	25	
1º	RJ	99	DelAReis	1419	
1º	RJ	13	DelAReis	2	
1º	RJ	63	DelAReis	2	
1º	RJ	38	DelAReis	65	
1º	RJ	39	DelAReis	1	
1º	RJ	4	DelAReis	11	
1º	RJ	18	DelAReis	1	
1º	RJ	1	DelAReis	2	
1º	RJ	17	DelAReis	8	
1º	RJ	40	DelAReis	1	
1º	RJ	41	DelAReis	10	
1º	RJ	42	DelAReis	60	
1º	RJ	2	DelAReis	1	
1º	RJ	46	DelAReis	338	
1º	RJ	43	DelAReis	602	
1º	RJ	109	DELCFRIO	3	
1º	RJ	52	DELCFRIO	9	
1º	RJ	48	DELCFRIO	16	
1º	RJ	25	DELCFRIO	65	
1º	RJ	53	DELCFRIO	2	
1º	RJ	26	DELCFRIO	1693	
1º	RJ	55	DELCFRIO	4	
1º	RJ	54	DELCFRIO	2	
1º	RJ	51	DELCFRIO	16	
1º	RJ	10	DELCFRIO	1	
1º	RJ	28	DELCFRIO	5	
1º	RJ	31	DELCFRIO	18	
1º	RJ	32	DELCFRIO	89	
1º	RJ	33	DELCFRIO	5	
1º	RJ	59	DELCFRIO	3	
1º	RJ	34	DELCFRIO	58	
1º	RJ	105	DELCFRIO	6	
1º	RJ	35	DELCFRIO	2773	
1º	RJ	60	DELCFRIO	1	
1º	RJ	108	DELCFRIO	1402	
1º	RJ	37	DELCFRIO	17	
1º	RJ	99	DELCFRIO	1083	
1º	RJ	13	DELCFRIO	54	
1º	RJ	38	DELCFRIO	187	
1º	RJ	39	DELCFRIO	1	
1º	RJ	41	DELCFRIO	4	
1º	RJ	42	DELCFRIO	23	
1º	RJ	46	DELCFRIO	115	
1º	RJ	43	DELCFRIO	227	
2º	BA	107	DelIlheus	2	
2º	BA	48	DelIlheus	26	
2º	BA	25	DelIlheus	9	
2º	BA	26	DelIlheus	238	
2º	BA	55	DelIlheus	2	
2º	BA	51	DelIlheus	390	
2º	BA	28	DelIlheus	4	
2º	BA	31	DelIlheus	2	
2º	BA	57	DelIlheus	5	
2º	BA	32	DelIlheus	6	
2º	BA	33	DelIlheus	2	
2º	BA	44	DelIlheus	1	
2º	BA	34	DelIlheus	39	
2º	BA	105	DelIlheus	4	
2º	BA	103	DelIlheus	1	
2º	BA	35	DelIlheus	1154	
2º	BA	108	DelIlheus	390	
2º	BA	37	DelIlheus	4	
2º	BA	99	DelIlheus	78	
2º	BA	13	DelIlheus	5	
2º	BA	38	DelIlheus	355	
2º	BA	39	DelIlheus	1	
2º	BA	41	DelIlheus	1	
2º	BA	42	DelIlheus	159	
2º	BA	46	DelIlheus	5	
2º	BA	43	DelIlheus	25	
1º	RJ	52	DelItacuruça	1	
1º	RJ	48	DelItacuruça	7	
1º	RJ	25	DelItacuruça	14	
1º	RJ	53	DelItacuruça	22	
1º	RJ	26	DelItacuruça	4610	
1º	RJ	27	DelItacuruça	1	
1º	RJ	55	DelItacuruça	7	
1º	RJ	54	DelItacuruça	14	
1º	RJ	51	DelItacuruça	93	
1º	RJ	28	DelItacuruça	23	
1º	RJ	31	DelItacuruça	22	
1º	RJ	57	DelItacuruça	6	
1º	RJ	32	DelItacuruça	52	
1º	RJ	33	DelItacuruça	149	
1º	RJ	59	DelItacuruça	2	
1º	RJ	34	DelItacuruça	16	
1º	RJ	105	DelItacuruça	3	
1º	RJ	35	DelItacuruça	4919	
1º	RJ	60	DelItacuruça	1	
1º	RJ	108	DelItacuruça	943	
1º	RJ	37	DelItacuruça	5	
1º	RJ	99	DelItacuruça	2727	
1º	RJ	13	DelItacuruça	1	
1º	RJ	38	DelItacuruça	215	
1º	RJ	4	DelItacuruça	1	
1º	RJ	41	DelItacuruça	17	
1º	RJ	12	DelItacuruça	1	
1º	RJ	42	DelItacuruça	29	
1º	RJ	46	DelItacuruça	163	
1º	RJ	43	DelItacuruça	175	
5º	SC	23	DelItajai	1	
5º	SC	107	DelItajai	3	
5º	SC	52	DelItajai	2	
5º	SC	48	DelItajai	36	
5º	SC	25	DelItajai	17	
5º	SC	53	DelItajai	6	
5º	SC	26	DelItajai	5186	
5º	SC	27	DelItajai	2	
5º	SC	55	DelItajai	7	
5º	SC	54	DelItajai	1	
5º	SC	51	DelItajai	191	
5º	SC	10	DelItajai	5	
5º	SC	28	DelItajai	262	
5º	SC	30	DelItajai	1	
5º	SC	31	DelItajai	90	
5º	SC	57	DelItajai	6	
5º	SC	32	DelItajai	21	
5º	SC	33	DelItajai	29	
5º	SC	59	DelItajai	14	
5º	SC	34	DelItajai	7	
5º	SC	105	DelItajai	33	
5º	SC	35	DelItajai	6327	
5º	SC	108	DelItajai	4604	
5º	SC	37	DelItajai	13	
5º	SC	62	DelItajai	2	
5º	SC	99	DelItajai	1902	
5º	SC	13	DelItajai	24	
5º	SC	38	DelItajai	1153	
5º	SC	39	DelItajai	1	
5º	SC	8	DelItajai	2	
5º	SC	41	DelItajai	34	
5º	SC	12	DelItajai	5	
5º	SC	42	DelItajai	4	
5º	SC	45	DelItajai	58	
5º	SC	2	DelItajai	1	
5º	SC	46	DelItajai	22	
5º	SC	43	DelItajai	352	
5º	SC	48	DelLaguna	25	
5º	SC	25	DelLaguna	16	
5º	SC	53	DelLaguna	16	
5º	SC	26	DelLaguna	2196	
5º	SC	27	DelLaguna	1	
5º	SC	55	DelLaguna	3	
5º	SC	54	DelLaguna	260	
5º	SC	51	DelLaguna	1556	
5º	SC	28	DelLaguna	9	
5º	SC	31	DelLaguna	48	
5º	SC	57	DelLaguna	3	
5º	SC	32	DelLaguna	2	
5º	SC	24	DelLaguna	1	
5º	SC	33	DelLaguna	4	
5º	SC	44	DelLaguna	1	
5º	SC	59	DelLaguna	3	
5º	SC	34	DelLaguna	4	
5º	SC	105	DelLaguna	1	
5º	SC	35	DelLaguna	834	
5º	SC	108	DelLaguna	899	
5º	SC	99	DelLaguna	4752	
5º	SC	13	DelLaguna	4	
5º	SC	38	DelLaguna	73	
5º	SC	41	DelLaguna	10	
5º	SC	12	DelLaguna	1	
5º	SC	46	DelLaguna	7	
5º	SC	43	DelLaguna	33	
1º	RJ	48	DelMacae	59	
1º	RJ	26	DelMacae	566	
1º	RJ	55	DelMacae	3	
1º	RJ	54	DelMacae	1	
1º	RJ	51	DelMacae	881	
1º	RJ	10	DelMacae	4	
1º	RJ	28	DelMacae	18	
1º	RJ	31	DelMacae	24	
1º	RJ	32	DelMacae	7	
1º	RJ	58	DelMacae	1	
1º	RJ	33	DelMacae	3	
1º	RJ	59	DelMacae	2	
1º	RJ	34	DelMacae	3	
1º	RJ	35	DelMacae	1378	
1º	RJ	108	DelMacae	348	
1º	RJ	99	DelMacae	263	
1º	RJ	13	DelMacae	26	
1º	RJ	63	DelMacae	8	
1º	RJ	38	DelMacae	1198	
1º	RJ	1	DelMacae	2	
1º	RJ	17	DelMacae	2	
1º	RJ	41	DelMacae	4	
1º	RJ	42	DelMacae	1	
1º	RJ	45	DelMacae	7	
1º	RJ	46	DelMacae	340	
1º	RJ	43	DelMacae	41	
2º	BA	107	DELPSEGURO	1	
2º	BA	52	DELPSEGURO	1	
2º	BA	48	DELPSEGURO	17	
2º	BA	25	DELPSEGURO	11	
2º	BA	26	DELPSEGURO	906	
2º	BA	51	DELPSEGURO	96	
2º	BA	28	DELPSEGURO	2	
2º	BA	31	DELPSEGURO	7	
2º	BA	32	DELPSEGURO	60	
2º	BA	59	DELPSEGURO	2	
2º	BA	34	DELPSEGURO	2	
2º	BA	105	DELPSEGURO	1	
2º	BA	35	DELPSEGURO	465	
2º	BA	60	DELPSEGURO	1	
2º	BA	108	DELPSEGURO	66	
2º	BA	37	DELPSEGURO	17	
2º	BA	99	DELPSEGURO	70	
2º	BA	13	DELPSEGURO	7	
2º	BA	63	DELPSEGURO	4	
2º	BA	38	DELPSEGURO	1608	
2º	BA	41	DELPSEGURO	18	
2º	BA	12	DELPSEGURO	1	
2º	BA	42	DELPSEGURO	19	
2º	BA	46	DELPSEGURO	14	
2º	BA	43	DELPSEGURO	28	
5º	SC	107	DelSFSul	1	
5º	SC	52	DelSFSul	2	
5º	SC	48	DelSFSul	23	
5º	SC	25	DelSFSul	11	
5º	SC	53	DelSFSul	1	
5º	SC	26	DelSFSul	10901	
5º	SC	27	DelSFSul	3	
5º	SC	55	DelSFSul	5	
5º	SC	54	DelSFSul	1	
5º	SC	51	DelSFSul	78	
5º	SC	10	DelSFSul	4	
5º	SC	28	DelSFSul	49	
5º	SC	31	DelSFSul	118	
5º	SC	57	DelSFSul	3	
5º	SC	32	DelSFSul	10	
5º	SC	33	DelSFSul	16	
5º	SC	7	DelSFSul	1	
5º	SC	44	DelSFSul	6	
5º	SC	59	DelSFSul	12	
5º	SC	34	DelSFSul	3	
5º	SC	105	DelSFSul	3	
5º	SC	35	DelSFSul	3363	
5º	SC	108	DelSFSul	1101	
5º	SC	37	DelSFSul	6	
5º	SC	62	DelSFSul	4	
5º	SC	99	DelSFSul	5235	
5º	SC	13	DelSFSul	23	
5º	SC	38	DelSFSul	41	
5º	SC	1	DelSFSul	1	
5º	SC	40	DelSFSul	1	
5º	SC	41	DelSFSul	15	
5º	SC	42	DelSFSul	2	
5º	SC	45	DelSFSul	5	
5º	SC	46	DelSFSul	29	
5º	SC	43	DelSFSul	338	
8º	SP	52	DelSSebastiao	2	
8º	SP	102	DelSSebastiao	1	
8º	SP	48	DelSSebastiao	70	
8º	SP	25	DelSSebastiao	6	
8º	SP	53	DelSSebastiao	4	
8º	SP	26	DelSSebastiao	7326	
8º	SP	27	DelSSebastiao	1	
8º	SP	55	DelSSebastiao	1	
8º	SP	54	DelSSebastiao	1	
8º	SP	51	DelSSebastiao	354	
8º	SP	10	DelSSebastiao	5	
8º	SP	28	DelSSebastiao	189	
8º	SP	31	DelSSebastiao	449	
8º	SP	57	DelSSebastiao	4	
8º	SP	32	DelSSebastiao	71	
8º	SP	33	DelSSebastiao	34	
8º	SP	59	DelSSebastiao	9	
8º	SP	34	DelSSebastiao	22	
8º	SP	105	DelSSebastiao	35	
8º	SP	35	DelSSebastiao	9190	
8º	SP	108	DelSSebastiao	3943	
8º	SP	37	DelSSebastiao	29	
8º	SP	99	DelSSebastiao	1418	
8º	SP	13	DelSSebastiao	3	
8º	SP	38	DelSSebastiao	35	
8º	SP	4	DelSSebastiao	6	
8º	SP	18	DelSSebastiao	1	
8º	SP	1	DelSSebastiao	1	
8º	SP	41	DelSSebastiao	70	
8º	SP	42	DelSSebastiao	17	
8º	SP	46	DelSSebastiao	70	
8º	SP	43	DelSSebastiao	1007	
6º	MT	48	DelCuiaba	67	
6º	MT	25	DelCuiaba	18	
6º	MT	53	DelCuiaba	2	
6º	MT	26	DelCuiaba	7844	
6º	MT	55	DelCuiaba	4	
6º	MT	51	DelCuiaba	51	
6º	MT	10	DelCuiaba	2	
6º	MT	28	DelCuiaba	327	
6º	MT	31	DelCuiaba	248	
6º	MT	57	DelCuiaba	9	
6º	MT	32	DelCuiaba	2	
6º	MT	58	DelCuiaba	1	
6º	MT	33	DelCuiaba	101	
6º	MT	34	DelCuiaba	4	
6º	MT	105	DelCuiaba	12	
6º	MT	103	DelCuiaba	1	
6º	MT	35	DelCuiaba	2675	
6º	MT	108	DelCuiaba	1226	
6º	MT	37	DelCuiaba	2	
6º	MT	99	DelCuiaba	1653	
6º	MT	13	DelCuiaba	4	
6º	MT	63	DelCuiaba	1	
6º	MT	38	DelCuiaba	1	
6º	MT	1	DelCuiaba	2	
6º	MT	41	DelCuiaba	37	
6º	MT	42	DelCuiaba	2	
6º	MT	46	DelCuiaba	2	
6º	MT	43	DelCuiaba	5	
9º	RO	48	DelPVelho	74	
9º	RO	25	DelPVelho	5	
9º	RO	53	DelPVelho	40	
9º	RO	26	DelPVelho	998	
9º	RO	27	DelPVelho	1	
9º	RO	51	DelPVelho	363	
9º	RO	10	DelPVelho	49	
9º	RO	28	DelPVelho	558	
9º	RO	31	DelPVelho	447	
9º	RO	57	DelPVelho	111	
9º	RO	32	DelPVelho	1	
9º	RO	33	DelPVelho	96	
9º	RO	7	DelPVelho	3	
9º	RO	105	DelPVelho	7	
9º	RO	103	DelPVelho	2	
9º	RO	35	DelPVelho	1786	
9º	RO	60	DelPVelho	1	
9º	RO	108	DelPVelho	217	
9º	RO	99	DelPVelho	101	
9º	RO	13	DelPVelho	50	
9º	RO	63	DelPVelho	34	
9º	RO	38	DelPVelho	27	
9º	RO	41	DelPVelho	149	
8º	SP	48	DelPEpitacio	28	
8º	SP	25	DelPEpitacio	9	
8º	SP	53	DelPEpitacio	14	
8º	SP	26	DelPEpitacio	15838	
8º	SP	55	DelPEpitacio	1	
8º	SP	51	DelPEpitacio	7	
8º	SP	28	DelPEpitacio	64	
8º	SP	31	DelPEpitacio	50	
8º	SP	57	DelPEpitacio	16	
8º	SP	32	DelPEpitacio	3	
8º	SP	33	DelPEpitacio	79	
8º	SP	44	DelPEpitacio	1	
8º	SP	59	DelPEpitacio	1	
8º	SP	34	DelPEpitacio	3	
8º	SP	105	DelPEpitacio	3	
8º	SP	103	DelPEpitacio	1	
8º	SP	35	DelPEpitacio	2927	
8º	SP	108	DelPEpitacio	1614	
8º	SP	37	DelPEpitacio	1	
8º	SP	99	DelPEpitacio	2832	
8º	SP	13	DelPEpitacio	6	
8º	SP	38	DelPEpitacio	55	
8º	SP	40	DelPEpitacio	1	
8º	SP	41	DelPEpitacio	28	
8º	SP	42	DelPEpitacio	1	
8º	SP	45	DelPEpitacio	3	
8º	SP	46	DelPEpitacio	3	
8º	SP	43	DelPEpitacio	15	
5º	RS	23	DelUruguaiana	2	
5º	RS	48	DelUruguaiana	21	
5º	RS	25	DelUruguaiana	11	
5º	RS	53	DelUruguaiana	1	
5º	RS	26	DelUruguaiana	6194	
5º	RS	51	DelUruguaiana	961	
5º	RS	28	DelUruguaiana	6	
5º	RS	31	DelUruguaiana	18	
5º	RS	34	DelUruguaiana	1	
5º	RS	105	DelUruguaiana	1	
5º	RS	35	DelUruguaiana	1522	
5º	RS	108	DelUruguaiana	242	
5º	RS	99	DelUruguaiana	171	
5º	RS	13	DelUruguaiana	2	
5º	RS	1	DelUruguaiana	1	
5º	RS	41	DelUruguaiana	8	
5º	RS	46	DelUruguaiana	1	
5º	RS	43	DelUruguaiana	4	
8º	PR	23	DelGuaira	2	
8º	PR	48	DelGuaira	62	
8º	PR	25	DelGuaira	5	
8º	PR	53	DelGuaira	11	
8º	PR	26	DelGuaira	20011	
8º	PR	51	DelGuaira	10	
8º	PR	10	DelGuaira	2	
8º	PR	28	DelGuaira	104	
8º	PR	31	DelGuaira	252	
8º	PR	57	DelGuaira	14	
8º	PR	32	DelGuaira	1	
8º	PR	33	DelGuaira	46	
8º	PR	44	DelGuaira	1	
8º	PR	59	DelGuaira	1	
8º	PR	34	DelGuaira	1	
8º	PR	105	DelGuaira	12	
8º	PR	103	DelGuaira	1	
8º	PR	35	DelGuaira	8132	
8º	PR	108	DelGuaira	2373	
8º	PR	62	DelGuaira	2	
8º	PR	99	DelGuaira	7023	
8º	PR	13	DelGuaira	8	
8º	PR	38	DelGuaira	16	
8º	PR	41	DelGuaira	137	
8º	PR	42	DelGuaira	1	
8º	PR	2	DelGuaira	1	
8º	PR	46	DelGuaira	1	
8º	PR	43	DelGuaira	26	
1º	RJ	48	AGPARATI	12	
1º	RJ	25	AGPARATI	5	
1º	RJ	26	AGPARATI	1847	
1º	RJ	51	AGPARATI	301	
1º	RJ	28	AGPARATI	4	
1º	RJ	31	AGPARATI	23	
1º	RJ	32	AGPARATI	78	
1º	RJ	33	AGPARATI	22	
1º	RJ	44	AGPARATI	1	
1º	RJ	59	AGPARATI	1	
1º	RJ	34	AGPARATI	1	
1º	RJ	105	AGPARATI	5	
1º	RJ	103	AGPARATI	1	
1º	RJ	35	AGPARATI	1081	
1º	RJ	108	AGPARATI	191	
1º	RJ	37	AGPARATI	17	
1º	RJ	99	AGPARATI	487	
1º	RJ	13	AGPARATI	4	
1º	RJ	38	AGPARATI	15	
1º	RJ	42	AGPARATI	33	
1º	RJ	46	AGPARATI	86	
1º	RJ	43	AGPARATI	194	
1º	RJ	48	AGSJBARRA	1	
1º	RJ	26	AGSJBARRA	390	
1º	RJ	55	AGSJBARRA	1	
1º	RJ	51	AGSJBARRA	1257	
1º	RJ	28	AGSJBARRA	2	
1º	RJ	31	AGSJBARRA	24	
1º	RJ	32	AGSJBARRA	1	
1º	RJ	35	AGSJBARRA	152	
1º	RJ	108	AGSJBARRA	91	
1º	RJ	37	AGSJBARRA	1	
1º	RJ	13	AGSJBARRA	5	
1º	RJ	38	AGSJBARRA	167	
1º	RJ	46	AGSJBARRA	90	
1º	ES	109	CPES	2	
1º	ES	107	CPES	2	
1º	ES	52	CPES	3	
1º	ES	48	CPES	136	
1º	ES	25	CPES	43	
1º	ES	53	CPES	6	
1º	ES	26	CPES	8589	
1º	ES	27	CPES	7	
1º	ES	55	CPES	16	
1º	ES	54	CPES	5	
1º	ES	51	CPES	1155	
1º	ES	10	CPES	3	
1º	ES	28	CPES	75	
1º	ES	31	CPES	68	
1º	ES	32	CPES	23	
1º	ES	33	CPES	67	
1º	ES	7	CPES	1	
1º	ES	44	CPES	1	
1º	ES	59	CPES	2	
1º	ES	34	CPES	15	
1º	ES	105	CPES	7	
1º	ES	103	CPES	1	
1º	ES	35	CPES	2970	
1º	ES	47	CPES	1	
1º	ES	108	CPES	3234	
1º	ES	37	CPES	5	
1º	ES	61	CPES	1	
1º	ES	99	CPES	1832	
1º	ES	13	CPES	10	
1º	ES	20	CPES	1	
1º	ES	38	CPES	477	
1º	ES	39	CPES	3	
1º	ES	18	CPES	1	
1º	ES	41	CPES	29	
1º	ES	9	CPES	1	
1º	ES	42	CPES	34	
1º	ES	45	CPES	2	
1º	ES	2	CPES	1	
1º	ES	46	CPES	33	
1º	ES	43	CPES	160	
1º	RJ	23	CPRJ	5	
1º	RJ	109	CPRJ	1	
1º	RJ	107	CPRJ	3	
1º	RJ	52	CPRJ	13	
1º	RJ	102	CPRJ	15	
1º	RJ	48	CPRJ	339	
1º	RJ	25	CPRJ	493	
1º	RJ	53	CPRJ	24	
1º	RJ	26	CPRJ	6085	
1º	RJ	27	CPRJ	33	
1º	RJ	55	CPRJ	8	
1º	RJ	54	CPRJ	10	
1º	RJ	51	CPRJ	119	
1º	RJ	10	CPRJ	117	
1º	RJ	28	CPRJ	507	
1º	RJ	30	CPRJ	42	
1º	RJ	31	CPRJ	130	
1º	RJ	57	CPRJ	6	
1º	RJ	32	CPRJ	68	
1º	RJ	104	CPRJ	1	
1º	RJ	24	CPRJ	19	
1º	RJ	58	CPRJ	3	
1º	RJ	33	CPRJ	716	
1º	RJ	7	CPRJ	76	
1º	RJ	44	CPRJ	9	
1º	RJ	59	CPRJ	182	
1º	RJ	34	CPRJ	75	
1º	RJ	105	CPRJ	25	
1º	RJ	103	CPRJ	12	
1º	RJ	35	CPRJ	17812	
1º	RJ	60	CPRJ	5	
1º	RJ	47	CPRJ	74	
1º	RJ	100	CPRJ	1	
1º	RJ	108	CPRJ	4204	
1º	RJ	37	CPRJ	102	
1º	RJ	61	CPRJ	10	
1º	RJ	99	CPRJ	18583	
1º	RJ	13	CPRJ	48	
1º	RJ	63	CPRJ	7	
1º	RJ	38	CPRJ	373	
1º	RJ	39	CPRJ	47	
1º	RJ	4	CPRJ	122	
1º	RJ	111	CPRJ	2	
1º	RJ	18	CPRJ	4	
1º	RJ	1	CPRJ	11	
1º	RJ	17	CPRJ	27	
1º	RJ	8	CPRJ	16	
1º	RJ	6	CPRJ	13	
1º	RJ	110	CPRJ	1	
1º	RJ	41	CPRJ	506	
1º	RJ	9	CPRJ	8	
1º	RJ	12	CPRJ	2	
1º	RJ	42	CPRJ	73	
1º	RJ	22	CPRJ	19	
1º	RJ	45	CPRJ	385	
1º	RJ	2	CPRJ	5	
1º	RJ	46	CPRJ	662	
1º	RJ	15	CPRJ	4	
1º	RJ	106	CPRJ	15	
1º	RJ	43	CPRJ	5588	
1º	RJ	52	DELAREIS	1	
1º	RJ	48	DELAREIS	33	
1º	RJ	25	DELAREIS	115	
1º	RJ	26	DELAREIS	2420	
1º	RJ	27	DELAREIS	1	
1º	RJ	51	DELAREIS	9	
1º	RJ	28	DELAREIS	8	
1º	RJ	30	DELAREIS	4	
1º	RJ	31	DELAREIS	52	
1º	RJ	32	DELAREIS	128	
1º	RJ	24	DELAREIS	3	
1º	RJ	33	DELAREIS	46	
1º	RJ	59	DELAREIS	19	
1º	RJ	34	DELAREIS	12	
1º	RJ	105	DELAREIS	16	
1º	RJ	35	DELAREIS	5918	
1º	RJ	47	DELAREIS	1	
1º	RJ	108	DELAREIS	1365	
1º	RJ	37	DELAREIS	22	
1º	RJ	62	DELAREIS	1	
1º	RJ	99	DELAREIS	1456	
1º	RJ	13	DELAREIS	2	
1º	RJ	63	DELAREIS	1	
1º	RJ	38	DELAREIS	66	
1º	RJ	39	DELAREIS	1	
1º	RJ	4	DELAREIS	12	
1º	RJ	18	DELAREIS	1	
1º	RJ	1	DELAREIS	2	
1º	RJ	17	DELAREIS	10	
1º	RJ	40	DELAREIS	1	
1º	RJ	41	DELAREIS	14	
1º	RJ	42	DELAREIS	66	
1º	RJ	2	DELAREIS	1	
1º	RJ	46	DELAREIS	347	
1º	RJ	43	DELAREIS	618	
1º	RJ	109	DELCFRIO	3	
1º	RJ	52	DELCFRIO	9	
1º	RJ	48	DELCFRIO	15	
1º	RJ	25	DELCFRIO	90	
1º	RJ	53	DELCFRIO	2	
1º	RJ	26	DELCFRIO	1715	
1º	RJ	55	DELCFRIO	3	
1º	RJ	54	DELCFRIO	2	
1º	RJ	51	DELCFRIO	16	
1º	RJ	10	DELCFRIO	1	
1º	RJ	28	DELCFRIO	5	
1º	RJ	31	DELCFRIO	20	
1º	RJ	32	DELCFRIO	91	
1º	RJ	33	DELCFRIO	7	
1º	RJ	59	DELCFRIO	5	
1º	RJ	34	DELCFRIO	58	
1º	RJ	105	DELCFRIO	8	
1º	RJ	35	DELCFRIO	2929	
1º	RJ	60	DELCFRIO	1	
1º	RJ	108	DELCFRIO	1437	
1º	RJ	37	DELCFRIO	17	
1º	RJ	99	DELCFRIO	1416	
1º	RJ	13	DELCFRIO	56	
1º	RJ	38	DELCFRIO	195	
1º	RJ	39	DELCFRIO	1	
1º	RJ	41	DELCFRIO	4	
1º	RJ	42	DELCFRIO	23	
1º	RJ	46	DELCFRIO	114	
1º	RJ	43	DELCFRIO	235	
1º	RJ	48	DELITACURUÇÁ	8	
1º	RJ	25	DELITACURUÇÁ	18	
1º	RJ	53	DELITACURUÇÁ	22	
1º	RJ	26	DELITACURUÇÁ	4703	
1º	RJ	27	DELITACURUÇÁ	1	
1º	RJ	55	DELITACURUÇÁ	7	
1º	RJ	54	DELITACURUÇÁ	13	
1º	RJ	51	DELITACURUÇÁ	94	
1º	RJ	28	DELITACURUÇÁ	34	
1º	RJ	31	DELITACURUÇÁ	23	
1º	RJ	57	DELITACURUÇÁ	6	
1º	RJ	32	DELITACURUÇÁ	54	
1º	RJ	33	DELITACURUÇÁ	163	
1º	RJ	59	DELITACURUÇÁ	7	
1º	RJ	34	DELITACURUÇÁ	17	
1º	RJ	105	DELITACURUÇÁ	3	
1º	RJ	35	DELITACURUÇÁ	5605	
1º	RJ	60	DELITACURUÇÁ	1	
1º	RJ	108	DELITACURUÇÁ	955	
1º	RJ	37	DELITACURUÇÁ	5	
1º	RJ	99	DELITACURUÇÁ	4781	
1º	RJ	13	DELITACURUÇÁ	1	
1º	RJ	38	DELITACURUÇÁ	220	
1º	RJ	4	DELITACURUÇÁ	1	
1º	RJ	41	DELITACURUÇÁ	19	
1º	RJ	12	DELITACURUÇÁ	1	
1º	RJ	42	DELITACURUÇÁ	38	
1º	RJ	46	DELITACURUÇÁ	170	
1º	RJ	43	DELITACURUÇÁ	237	
1º	RJ	48	DELMACAÉ	60	
1º	RJ	25	DELMACAÉ	1	
1º	RJ	26	DELMACAÉ	570	
1º	RJ	55	DELMACAÉ	2	
1º	RJ	54	DELMACAÉ	1	
1º	RJ	51	DELMACAÉ	912	
1º	RJ	10	DELMACAÉ	4	
1º	RJ	28	DELMACAÉ	18	
1º	RJ	31	DELMACAÉ	25	
1º	RJ	32	DELMACAÉ	6	
1º	RJ	58	DELMACAÉ	1	
1º	RJ	33	DELMACAÉ	10	
1º	RJ	59	DELMACAÉ	2	
1º	RJ	34	DELMACAÉ	3	
1º	RJ	35	DELMACAÉ	1448	
1º	RJ	108	DELMACAÉ	362	
1º	RJ	99	DELMACAÉ	276	
1º	RJ	13	DELMACAÉ	27	
1º	RJ	63	DELMACAÉ	8	
1º	RJ	38	DELMACAÉ	1369	
1º	RJ	1	DELMACAÉ	2	
1º	RJ	17	DELMACAÉ	2	
1º	RJ	41	DELMACAÉ	4	
1º	RJ	42	DELMACAÉ	2	
1º	RJ	45	DELMACAÉ	10	
1º	RJ	46	DELMACAÉ	378	
1º	RJ	15	DELMACAÉ	2	
1º	RJ	43	DELMACAÉ	42	
2º	BA	48	AGBJLP	32	
2º	BA	25	AGBJLP	6	
2º	BA	26	AGBJLP	442	
2º	BA	51	AGBJLP	1069	
2º	BA	28	AGBJLP	136	
2º	BA	31	AGBJLP	41	
2º	BA	57	AGBJLP	16	
2º	BA	33	AGBJLP	1	
2º	BA	34	AGBJLP	3	
2º	BA	105	AGBJLP	1	
2º	BA	35	AGBJLP	1953	
2º	BA	108	AGBJLP	109	
2º	BA	37	AGBJLP	4	
2º	BA	99	AGBJLP	183	
2º	BA	63	AGBJLP	1	
2º	BA	38	AGBJLP	2	
2º	BA	41	AGBJLP	16	
2º	BA	52	AGJUAZEIRO	2	
2º	BA	48	AGJUAZEIRO	43	
2º	BA	25	AGJUAZEIRO	414	
2º	BA	26	AGJUAZEIRO	252	
2º	BA	27	AGJUAZEIRO	1	
2º	BA	54	AGJUAZEIRO	2	
2º	BA	51	AGJUAZEIRO	1767	
2º	BA	10	AGJUAZEIRO	18	
2º	BA	28	AGJUAZEIRO	42	
2º	BA	30	AGJUAZEIRO	1	
2º	BA	31	AGJUAZEIRO	8	
2º	BA	57	AGJUAZEIRO	14	
2º	BA	32	AGJUAZEIRO	2	
2º	BA	33	AGJUAZEIRO	2	
2º	BA	44	AGJUAZEIRO	1	
2º	BA	34	AGJUAZEIRO	108	
2º	BA	105	AGJUAZEIRO	10	
2º	BA	35	AGJUAZEIRO	784	
2º	BA	108	AGJUAZEIRO	581	
2º	BA	37	AGJUAZEIRO	2	
2º	BA	99	AGJUAZEIRO	78	
2º	BA	13	AGJUAZEIRO	28	
2º	BA	63	AGJUAZEIRO	26	
2º	BA	38	AGJUAZEIRO	10	
2º	BA	39	AGJUAZEIRO	1	
2º	BA	41	AGJUAZEIRO	14	
2º	BA	12	AGJUAZEIRO	1	
2º	BA	43	AGJUAZEIRO	9	
2º	BA	52	CPBA	2	
2º	BA	48	CPBA	101	
2º	BA	25	CPBA	186	
2º	BA	26	CPBA	1214	
2º	BA	27	CPBA	5	
2º	BA	55	CPBA	3	
2º	BA	54	CPBA	3	
2º	BA	51	CPBA	1834	
2º	BA	10	CPBA	2	
2º	BA	28	CPBA	91	
2º	BA	31	CPBA	15	
2º	BA	57	CPBA	6	
2º	BA	32	CPBA	232	
2º	BA	33	CPBA	90	
2º	BA	44	CPBA	1	
2º	BA	59	CPBA	92	
2º	BA	34	CPBA	166	
2º	BA	105	CPBA	17	
2º	BA	103	CPBA	2	
2º	BA	35	CPBA	6489	
2º	BA	60	CPBA	2	
2º	BA	47	CPBA	2	
2º	BA	100	CPBA	1	
2º	BA	108	CPBA	2869	
2º	BA	37	CPBA	50	
2º	BA	99	CPBA	701	
2º	BA	13	CPBA	3	
2º	BA	38	CPBA	54	
2º	BA	39	CPBA	1	
2º	BA	4	CPBA	28	
2º	BA	111	CPBA	1	
2º	BA	18	CPBA	2	
2º	BA	8	CPBA	4	
2º	BA	6	CPBA	1	
2º	BA	110	CPBA	1	
2º	BA	41	CPBA	28	
2º	BA	12	CPBA	12	
2º	BA	42	CPBA	5957	
2º	BA	2	CPBA	3	
2º	BA	46	CPBA	9	
2º	BA	106	CPBA	1	
2º	BA	43	CPBA	766	
2º	SE	52	CPSE	1	
2º	SE	48	CPSE	23	
2º	SE	26	CPSE	710	
2º	SE	55	CPSE	1	
2º	SE	51	CPSE	236	
2º	SE	28	CPSE	3	
2º	SE	31	CPSE	2	
2º	SE	32	CPSE	6	
2º	SE	33	CPSE	8	
2º	SE	7	CPSE	1	
2º	SE	59	CPSE	1	
2º	SE	34	CPSE	336	
2º	SE	105	CPSE	10	
2º	SE	35	CPSE	901	
2º	SE	108	CPSE	845	
2º	SE	37	CPSE	11	
2º	SE	99	CPSE	746	
2º	SE	13	CPSE	13	
2º	SE	63	CPSE	1	
2º	SE	38	CPSE	114	
2º	SE	39	CPSE	3	
2º	SE	17	CPSE	1	
2º	SE	41	CPSE	4	
2º	SE	42	CPSE	2	
2º	SE	46	CPSE	1	
2º	SE	43	CPSE	19	
2º	MG	48	CFSF	90	
2º	MG	25	CFSF	16	
2º	MG	53	CFSF	3	
2º	MG	26	CFSF	6435	
2º	MG	55	CFSF	1	
2º	MG	51	CFSF	6822	
2º	MG	28	CFSF	531	
2º	MG	31	CFSF	668	
2º	MG	57	CFSF	12	
2º	MG	32	CFSF	2	
2º	MG	33	CFSF	9	
2º	MG	44	CFSF	2	
2º	MG	34	CFSF	5	
2º	MG	105	CFSF	6	
2º	MG	35	CFSF	5267	
2º	MG	100	CFSF	2	
2º	MG	108	CFSF	1419	
2º	MG	37	CFSF	3	
2º	MG	99	CFSF	2146	
2º	MG	13	CFSF	5	
2º	MG	38	CFSF	5	
2º	MG	39	CFSF	1	
2º	MG	41	CFSF	39	
2º	MG	12	CFSF	1	
2º	MG	42	CFSF	1	
2º	MG	46	CFSF	1	
2º	MG	43	CFSF	52	
2º	BA	107	DELILHEUS	2	
2º	BA	48	DELILHEUS	33	
2º	BA	25	DELILHEUS	17	
2º	BA	26	DELILHEUS	241	
2º	BA	55	DELILHEUS	2	
2º	BA	51	DELILHEUS	421	
2º	BA	28	DELILHEUS	5	
2º	BA	31	DELILHEUS	8	
2º	BA	57	DELILHEUS	5	
2º	BA	32	DELILHEUS	8	
2º	BA	24	DELILHEUS	1	
2º	BA	33	DELILHEUS	2	
2º	BA	44	DELILHEUS	1	
2º	BA	59	DELILHEUS	1	
2º	BA	34	DELILHEUS	44	
2º	BA	105	DELILHEUS	4	
2º	BA	103	DELILHEUS	1	
2º	BA	35	DELILHEUS	1233	
2º	BA	108	DELILHEUS	388	
2º	BA	37	DELILHEUS	4	
2º	BA	99	DELILHEUS	166	
2º	BA	13	DELILHEUS	8	
2º	BA	38	DELILHEUS	442	
2º	BA	39	DELILHEUS	1	
2º	BA	41	DELILHEUS	2	
2º	BA	42	DELILHEUS	213	
2º	BA	46	DELILHEUS	5	
2º	BA	43	DELILHEUS	29	
2º	BA	107	DELPSEGURO	1	
2º	BA	52	DELPSEGURO	1	
2º	BA	48	DELPSEGURO	21	
2º	BA	25	DELPSEGURO	11	
2º	BA	26	DELPSEGURO	914	
2º	BA	51	DELPSEGURO	98	
2º	BA	28	DELPSEGURO	2	
2º	BA	31	DELPSEGURO	7	
2º	BA	32	DELPSEGURO	70	
2º	BA	44	DELPSEGURO	1	
2º	BA	59	DELPSEGURO	2	
2º	BA	34	DELPSEGURO	2	
2º	BA	105	DELPSEGURO	1	
2º	BA	35	DELPSEGURO	465	
2º	BA	60	DELPSEGURO	1	
2º	BA	108	DELPSEGURO	65	
2º	BA	37	DELPSEGURO	18	
2º	BA	99	DELPSEGURO	72	
2º	BA	13	DELPSEGURO	7	
2º	BA	63	DELPSEGURO	6	
2º	BA	38	DELPSEGURO	1637	
2º	BA	39	DELPSEGURO	1	
2º	BA	41	DELPSEGURO	18	
2º	BA	12	DELPSEGURO	1	
2º	BA	42	DELPSEGURO	20	
2º	BA	46	DELPSEGURO	15	
2º	BA	43	DELPSEGURO	27	
3º	CE	48	AGARACATI	4	
3º	CE	26	AGARACATI	540	
3º	CE	51	AGARACATI	122	
3º	CE	28	AGARACATI	1	
3º	CE	32	AGARACATI	1	
3º	CE	59	AGARACATI	2	
3º	CE	34	AGARACATI	778	
3º	CE	105	AGARACATI	1	
3º	CE	35	AGARACATI	147	
3º	CE	108	AGARACATI	34	
3º	CE	37	AGARACATI	29	
3º	CE	99	AGARACATI	128	
3º	CE	13	AGARACATI	1	
3º	CE	38	AGARACATI	578	
3º	CE	39	AGARACATI	1	
3º	CE	43	AGARACATI	2	
3º	RN	48	AGBRAN	18	
3º	RN	25	AGBRAN	16	
3º	RN	26	AGBRAN	148	
3º	RN	51	AGBRAN	3	
3º	RN	28	AGBRAN	2	
3º	RN	58	AGBRAN	1	
3º	RN	34	AGBRAN	96	
3º	RN	105	AGBRAN	3	
3º	RN	35	AGBRAN	54	
3º	RN	108	AGBRAN	79	
3º	RN	37	AGBRAN	25	
3º	RN	99	AGBRAN	116	
3º	RN	13	AGBRAN	2	
3º	RN	38	AGBRAN	167	
3º	RN	41	AGBRAN	2	
3º	CE	23	AGCAMOCIM	25	
3º	CE	48	AGCAMOCIM	23	
3º	CE	26	AGCAMOCIM	291	
3º	CE	51	AGCAMOCIM	1829	
3º	CE	32	AGCAMOCIM	1	
3º	CE	34	AGCAMOCIM	30	
3º	CE	35	AGCAMOCIM	258	
3º	CE	108	AGCAMOCIM	12	
3º	CE	37	AGCAMOCIM	4	
3º	CE	99	AGCAMOCIM	66	
3º	CE	13	AGCAMOCIM	6	
3º	CE	38	AGCAMOCIM	491	
3º	CE	41	AGCAMOCIM	2	
3º	CE	43	AGCAMOCIM	1	
3º	AL	48	AGPENEDO	19	
3º	AL	25	AGPENEDO	10	
3º	AL	26	AGPENEDO	109	
3º	AL	54	AGPENEDO	1	
3º	AL	51	AGPENEDO	1277	
3º	AL	57	AGPENEDO	1	
3º	AL	32	AGPENEDO	4	
3º	AL	33	AGPENEDO	7	
3º	AL	34	AGPENEDO	58	
3º	AL	105	AGPENEDO	2	
3º	AL	35	AGPENEDO	438	
3º	AL	60	AGPENEDO	1	
3º	AL	108	AGPENEDO	39	
3º	AL	37	AGPENEDO	16	
3º	AL	99	AGPENEDO	2345	
3º	AL	63	AGPENEDO	4	
3º	AL	38	AGPENEDO	140	
3º	AL	41	AGPENEDO	2	
3º	AL	42	AGPENEDO	1	
3º	AL	43	AGPENEDO	37	
3º	PB	48	CPPB	10	
3º	PB	25	CPPB	1	
3º	PB	26	CPPB	856	
3º	PB	27	CPPB	1	
3º	PB	55	CPPB	2	
3º	PB	54	CPPB	15	
3º	PB	51	CPPB	1546	
3º	PB	28	CPPB	4	
3º	PB	31	CPPB	8	
3º	PB	57	CPPB	2	
3º	PB	33	CPPB	40	
3º	PB	44	CPPB	1	
3º	PB	34	CPPB	1650	
3º	PB	105	CPPB	31	
3º	PB	35	CPPB	886	
3º	PB	108	CPPB	1471	
3º	PB	37	CPPB	53	
3º	PB	99	CPPB	39	
3º	PB	13	CPPB	1	
3º	PB	38	CPPB	21	
3º	PB	39	CPPB	2	
3º	PB	41	CPPB	5	
3º	PB	42	CPPB	1	
3º	PB	46	CPPB	2	
3º	PB	43	CPPB	171	
3º	AL	107	CPAL	2	
3º	AL	48	CPAL	23	
3º	AL	25	CPAL	2	
3º	AL	53	CPAL	1	
3º	AL	26	CPAL	1091	
3º	AL	55	CPAL	1	
3º	AL	54	CPAL	5	
3º	AL	51	CPAL	1220	
3º	AL	28	CPAL	9	
3º	AL	31	CPAL	25	
3º	AL	32	CPAL	16	
3º	AL	33	CPAL	10	
3º	AL	44	CPAL	3	
3º	AL	59	CPAL	3	
3º	AL	34	CPAL	3111	
3º	AL	105	CPAL	10	
3º	AL	35	CPAL	1397	
3º	AL	60	CPAL	3	
3º	AL	108	CPAL	1444	
3º	AL	37	CPAL	110	
3º	AL	99	CPAL	1538	
3º	AL	13	CPAL	1	
3º	AL	38	CPAL	26	
3º	AL	4	CPAL	2	
3º	AL	41	CPAL	2	
3º	AL	42	CPAL	1	
3º	AL	45	CPAL	2	
3º	AL	2	CPAL	2	
3º	AL	46	CPAL	2	
3º	AL	43	CPAL	50	
3º	PE	52	CPPE	1	
3º	PE	48	CPPE	20	
3º	PE	25	CPPE	105	
3º	PE	53	CPPE	1	
3º	PE	26	CPPE	1369	
3º	PE	54	CPPE	1	
3º	PE	51	CPPE	60	
3º	PE	10	CPPE	12	
3º	PE	28	CPPE	4	
3º	PE	30	CPPE	2	
3º	PE	31	CPPE	132	
3º	PE	57	CPPE	1	
3º	PE	32	CPPE	4	
3º	PE	33	CPPE	42	
3º	PE	44	CPPE	1	
3º	PE	59	CPPE	8	
3º	PE	34	CPPE	3589	
3º	PE	105	CPPE	78	
3º	PE	103	CPPE	1	
3º	PE	35	CPPE	3054	
3º	PE	108	CPPE	2324	
3º	PE	37	CPPE	86	
3º	PE	62	CPPE	1	
3º	PE	99	CPPE	922	
3º	PE	13	CPPE	15	
3º	PE	38	CPPE	78	
3º	PE	39	CPPE	1	
3º	PE	4	CPPE	6	
3º	PE	111	CPPE	1	
3º	PE	1	CPPE	1	
3º	PE	8	CPPE	1	
3º	PE	6	CPPE	1	
3º	PE	41	CPPE	3	
3º	PE	12	CPPE	2	
3º	PE	42	CPPE	1	
3º	PE	2	CPPE	4	
3º	PE	46	CPPE	3	
3º	PE	106	CPPE	1	
3º	PE	43	CPPE	228	
3º	CE	23	CPCE	1	
3º	CE	48	CPCE	40	
3º	CE	25	CPCE	8	
3º	CE	53	CPCE	3	
3º	CE	26	CPCE	488	
3º	CE	51	CPCE	1119	
3º	CE	10	CPCE	10	
3º	CE	28	CPCE	1	
3º	CE	31	CPCE	1	
3º	CE	57	CPCE	1	
3º	CE	32	CPCE	5	
3º	CE	33	CPCE	6	
3º	CE	44	CPCE	1	
3º	CE	59	CPCE	13	
3º	CE	34	CPCE	1583	
3º	CE	105	CPCE	9	
3º	CE	103	CPCE	2	
3º	CE	35	CPCE	1167	
3º	CE	108	CPCE	997	
3º	CE	37	CPCE	44	
3º	CE	99	CPCE	251	
3º	CE	13	CPCE	8	
3º	CE	63	CPCE	1	
3º	CE	38	CPCE	847	
3º	CE	41	CPCE	13	
3º	CE	42	CPCE	2	
3º	CE	45	CPCE	7	
3º	CE	106	CPCE	2	
3º	CE	43	CPCE	52	
3º	RN	48	CPRN	104	
3º	RN	53	CPRN	1	
3º	RN	26	CPRN	1147	
3º	RN	51	CPRN	298	
3º	RN	10	CPRN	10	
3º	RN	28	CPRN	5	
3º	RN	31	CPRN	6	
3º	RN	32	CPRN	5	
3º	RN	33	CPRN	10	
3º	RN	7	CPRN	1	
3º	RN	44	CPRN	1	
3º	RN	59	CPRN	5	
3º	RN	34	CPRN	1209	
3º	RN	105	CPRN	17	
3º	RN	35	CPRN	850	
3º	RN	47	CPRN	4	
3º	RN	108	CPRN	749	
3º	RN	37	CPRN	61	
3º	RN	61	CPRN	1	
3º	RN	99	CPRN	712	
3º	RN	13	CPRN	13	
3º	RN	63	CPRN	1	
3º	RN	38	CPRN	148	
3º	RN	39	CPRN	1	
3º	RN	41	CPRN	5	
3º	RN	42	CPRN	3	
3º	RN	45	CPRN	1	
3º	RN	46	CPRN	1	
3º	RN	43	CPRN	58	
7º	MA	48	AGIMPERATRIZ	71	
7º	MA	25	AGIMPERATRIZ	586	
7º	MA	53	AGIMPERATRIZ	1	
7º	MA	26	AGIMPERATRIZ	492	
7º	MA	54	AGIMPERATRIZ	3	
7º	MA	51	AGIMPERATRIZ	2557	
7º	MA	10	AGIMPERATRIZ	3	
7º	MA	28	AGIMPERATRIZ	586	
7º	MA	31	AGIMPERATRIZ	101	
7º	MA	57	AGIMPERATRIZ	12	
7º	MA	32	AGIMPERATRIZ	1	
7º	MA	33	AGIMPERATRIZ	19	
7º	MA	7	AGIMPERATRIZ	1	
7º	MA	59	AGIMPERATRIZ	2	
7º	MA	34	AGIMPERATRIZ	1	
7º	MA	105	AGIMPERATRIZ	72	
7º	MA	35	AGIMPERATRIZ	1413	
7º	MA	108	AGIMPERATRIZ	744	
7º	MA	37	AGIMPERATRIZ	6	
7º	MA	99	AGIMPERATRIZ	29	
7º	MA	13	AGIMPERATRIZ	9	
7º	MA	63	AGIMPERATRIZ	235	
7º	MA	38	AGIMPERATRIZ	4	
7º	MA	39	AGIMPERATRIZ	1	
7º	MA	41	AGIMPERATRIZ	60	
7º	MA	43	AGIMPERATRIZ	1	
4º	PA	23	CPAOR	3	
4º	PA	107	CPAOR	10	
4º	PA	52	CPAOR	2	
4º	PA	48	CPAOR	625	
4º	PA	25	CPAOR	315	
4º	PA	26	CPAOR	19	
4º	PA	27	CPAOR	3	
4º	PA	51	CPAOR	42	
4º	PA	10	CPAOR	2305	
4º	PA	28	CPAOR	47	
4º	PA	56	CPAOR	1	
4º	PA	31	CPAOR	28	
4º	PA	57	CPAOR	154	
4º	PA	32	CPAOR	4	
4º	PA	33	CPAOR	65	
4º	PA	7	CPAOR	24	
4º	PA	44	CPAOR	2	
4º	PA	59	CPAOR	22	
4º	PA	34	CPAOR	1	
4º	PA	105	CPAOR	17	
4º	PA	35	CPAOR	3311	
4º	PA	100	CPAOR	1	
4º	PA	108	CPAOR	1315	
4º	PA	37	CPAOR	4	
4º	PA	99	CPAOR	283	
4º	PA	13	CPAOR	1001	
4º	PA	63	CPAOR	4371	
4º	PA	38	CPAOR	6500	
4º	PA	39	CPAOR	4	
4º	PA	4	CPAOR	6	
4º	PA	8	CPAOR	3	
4º	PA	41	CPAOR	565	
4º	PA	9	CPAOR	2	
4º	PA	12	CPAOR	29	
4º	PA	42	CPAOR	2	
4º	PA	2	CPAOR	1	
4º	PA	106	CPAOR	8	
4º	PA	43	CPAOR	44	
4º	AP	23	CPAP 	1	
4º	AP	107	CPAP	3	
4º	AP	48	CPAP	83	
4º	AP	25	CPAP	1106	
4º	AP	53	CPAP	1	
4º	AP	26	CPAP	11	
4º	AP	27	CPAP	1	
4º	AP	51	CPAP	1035	
4º	AP	10	CPAP	3401	
4º	AP	28	CPAP	1	
4º	AP	56	CPAP	6	
4º	AP	31	CPAP	4	
4º	AP	57	CPAP	26	
4º	AP	33	CPAP	16	
4º	AP	59	CPAP	32	
4º	AP	34	CPAP	3	
4º	AP	105	CPAP	8	
4º	AP	35	CPAP	2401	
4º	AP	108	CPAP	271	
4º	AP	37	CPAP	1	
4º	AP	99	CPAP	46	
4º	AP	13	CPAP	455	
4º	AP	63	CPAP	2717	
4º	AP	20	CPAP	4	
4º	AP	38	CPAP	1384	
4º	AP	4	CPAP	3	
4º	AP	41	CPAP	27	
4º	AP	9	CPAP	1	
4º	AP	12	CPAP	27	
4º	AP	2	CPAP	3	
4º	AP	43	CPAP	4	
4º	MA	23	CPMA	1	
4º	MA	107	CPMA	1	
4º	MA	48	CPMA	39	
4º	MA	25	CPMA	192	
4º	MA	53	CPMA	2	
4º	MA	26	CPMA	252	
4º	MA	51	CPMA	46	
4º	MA	10	CPMA	105	
4º	MA	28	CPMA	15	
4º	MA	31	CPMA	8	
4º	MA	57	CPMA	13	
4º	MA	32	CPMA	4	
4º	MA	33	CPMA	34	
4º	MA	7	CPMA	13	
4º	MA	44	CPMA	1	
4º	MA	59	CPMA	8	
4º	MA	34	CPMA	3	
4º	MA	105	CPMA	10	
4º	MA	103	CPMA	1	
4º	MA	35	CPMA	1437	
4º	MA	108	CPMA	683	
4º	MA	37	CPMA	80	
4º	MA	99	CPMA	525	
4º	MA	13	CPMA	209	
4º	MA	63	CPMA	88	
4º	MA	20	CPMA	2	
4º	MA	38	CPMA	2513	
4º	MA	39	CPMA	5	
4º	MA	4	CPMA	26	
4º	MA	18	CPMA	2	
4º	MA	1	CPMA	1	
4º	MA	6	CPMA	1	
4º	MA	41	CPMA	24	
4º	MA	12	CPMA	10	
4º	MA	42	CPMA	1	
4º	MA	22	CPMA	1	
4º	MA	45	CPMA	3	
4º	MA	2	CPMA	3	
4º	MA	43	CPMA	75	
4º	PI	48	CPPI	35	
4º	PI	25	CPPI	4	
4º	PI	26	CPPI	94	
4º	PI	51	CPPI	301	
4º	PI	10	CPPI	11	
4º	PI	28	CPPI	7	
4º	PI	31	CPPI	19	
4º	PI	57	CPPI	3	
4º	PI	33	CPPI	17	
4º	PI	59	CPPI	2	
4º	PI	34	CPPI	32	
4º	PI	105	CPPI	21	
4º	PI	35	CPPI	779	
4º	PI	108	CPPI	597	
4º	PI	37	CPPI	6	
4º	PI	99	CPPI	1083	
4º	PI	13	CPPI	2	
4º	PI	63	CPPI	12	
4º	PI	38	CPPI	372	
4º	PI	41	CPPI	7	
4º	PI	43	CPPI	3	
4º	PA	23	CFS	1	
4º	PA	52	CFS	4	
4º	PA	102	CFS	1	
4º	PA	48	CFS	490	
4º	PA	25	CFS	59	
4º	PA	53	CFS	7	
4º	PA	26	CFS	35	
4º	PA	51	CFS	98	
4º	PA	10	CFS	748	
4º	PA	56	CFS	1	
4º	PA	30	CFS	3	
4º	PA	31	CFS	52	
4º	PA	57	CFS	137	
4º	PA	32	CFS	1	
4º	PA	33	CFS	91	
4º	PA	7	CFS	3	
4º	PA	59	CFS	89	
4º	PA	105	CFS	3	
4º	PA	35	CFS	2111	
4º	PA	108	CFS	432	
4º	PA	37	CFS	15	
4º	PA	61	CFS	1	
4º	PA	99	CFS	110	
4º	PA	13	CFS	1270	
4º	PA	63	CFS	2320	
4º	PA	20	CFS	5	
4º	PA	38	CFS	2982	
4º	PA	4	CFS	23	
4º	PA	41	CFS	60	
4º	PA	9	CFS	3	
4º	PA	12	CFS	21	
4º	PA	2	CFS	15	
4º	PA	106	CFS	1	
4º	PA	43	CFS	6	
5º	RS	109	AGTRAMANDAÍ	1	
5º	RS	48	AGTRAMANDAÍ	2	
5º	RS	25	AGTRAMANDAÍ	1	
5º	RS	26	AGTRAMANDAÍ	1778	
5º	RS	55	AGTRAMANDAÍ	2	
5º	RS	54	AGTRAMANDAÍ	5	
5º	RS	51	AGTRAMANDAÍ	168	
5º	RS	28	AGTRAMANDAÍ	4	
5º	RS	31	AGTRAMANDAÍ	38	
5º	RS	57	AGTRAMANDAÍ	1	
5º	RS	32	AGTRAMANDAÍ	1	
5º	RS	33	AGTRAMANDAÍ	1	
5º	RS	44	AGTRAMANDAÍ	2	
5º	RS	59	AGTRAMANDAÍ	1	
5º	RS	34	AGTRAMANDAÍ	4	
5º	RS	105	AGTRAMANDAÍ	2	
5º	RS	35	AGTRAMANDAÍ	846	
5º	RS	108	AGTRAMANDAÍ	621	
5º	RS	37	AGTRAMANDAÍ	2	
5º	RS	99	AGTRAMANDAÍ	441	
5º	RS	13	AGTRAMANDAÍ	3	
5º	RS	63	AGTRAMANDAÍ	1	
5º	RS	38	AGTRAMANDAÍ	17	
5º	RS	45	AGTRAMANDAÍ	1	
5º	RS	46	AGTRAMANDAÍ	3	
5º	RS	43	AGTRAMANDAÍ	16	
5º	SC	23	CPSC	2	
5º	SC	48	CPSC	153	
5º	SC	25	CPSC	8	
5º	SC	53	CPSC	8	
5º	SC	26	CPSC	5366	
5º	SC	55	CPSC	10	
5º	SC	54	CPSC	3	
5º	SC	51	CPSC	731	
5º	SC	28	CPSC	43	
5º	SC	31	CPSC	20	
5º	SC	32	CPSC	37	
5º	SC	33	CPSC	46	
5º	SC	44	CPSC	2	
5º	SC	59	CPSC	6	
5º	SC	105	CPSC	23	
5º	SC	103	CPSC	2	
5º	SC	35	CPSC	6619	
5º	SC	60	CPSC	1	
5º	SC	108	CPSC	3079	
5º	SC	37	CPSC	15	
5º	SC	99	CPSC	2093	
5º	SC	13	CPSC	11	
5º	SC	63	CPSC	1	
5º	SC	38	CPSC	1082	
5º	SC	39	CPSC	3	
5º	SC	41	CPSC	11	
5º	SC	42	CPSC	3	
5º	SC	46	CPSC	13	
5º	SC	43	CPSC	529	
5º	RS	52	CPRS	2	
5º	RS	48	CPRS	26	
5º	RS	25	CPRS	9	
5º	RS	53	CPRS	2	
5º	RS	26	CPRS	6454	
5º	RS	27	CPRS	2	
5º	RS	55	CPRS	2	
5º	RS	54	CPRS	297	
5º	RS	51	CPRS	330	
5º	RS	10	CPRS	6	
5º	RS	28	CPRS	6	
5º	RS	31	CPRS	78	
5º	RS	57	CPRS	2	
5º	RS	32	CPRS	12	
5º	RS	24	CPRS	1	
5º	RS	33	CPRS	4	
5º	RS	44	CPRS	1	
5º	RS	59	CPRS	7	
5º	RS	105	CPRS	3	
5º	RS	35	CPRS	1138	
5º	RS	60	CPRS	2	
5º	RS	108	CPRS	491	
5º	RS	37	CPRS	3	
5º	RS	99	CPRS	3023	
5º	RS	13	CPRS	2	
5º	RS	38	CPRS	229	
5º	RS	39	CPRS	1	
5º	RS	4	CPRS	5	
5º	RS	17	CPRS	2	
5º	RS	110	CPRS	1	
5º	RS	41	CPRS	21	
5º	RS	12	CPRS	1	
5º	RS	46	CPRS	3	
5º	RS	43	CPRS	424	
5º	RS	109	CFPA	1	
5º	RS	102	CFPA	1	
5º	RS	48	CFPA	111	
5º	RS	25	CFPA	58	
5º	RS	53	CFPA	8	
5º	RS	26	CFPA	9753	
5º	RS	27	CFPA	4	
5º	RS	55	CFPA	4	
5º	RS	54	CFPA	19	
5º	RS	51	CFPA	189	
5º	RS	10	CFPA	12	
5º	RS	28	CFPA	83	
5º	RS	31	CFPA	276	
5º	RS	57	CFPA	12	
5º	RS	32	CFPA	12	
5º	RS	33	CFPA	37	
5º	RS	7	CFPA	91	
5º	RS	50	CFPA	2	
5º	RS	44	CFPA	4	
5º	RS	59	CFPA	8	
5º	RS	34	CFPA	10	
5º	RS	105	CFPA	17	
5º	RS	103	CFPA	1	
5º	RS	35	CFPA	7561	
5º	RS	60	CFPA	3	
5º	RS	108	CFPA	5642	
5º	RS	37	CFPA	33	
5º	RS	99	CFPA	3672	
5º	RS	13	CFPA	5	
5º	RS	63	CFPA	2	
5º	RS	38	CFPA	29	
5º	RS	4	CFPA	5	
5º	RS	18	CFPA	1	
5º	RS	1	CFPA	5	
5º	RS	6	CFPA	2	
5º	RS	41	CFPA	101	
5º	RS	12	CFPA	1	
5º	RS	42	CFPA	1	
5º	RS	2	CFPA	4	
5º	RS	46	CFPA	3	
5º	RS	106	CFPA	2	
5º	RS	43	CFPA	1192	
5º	SC	23	DELITAJAI	1	
5º	SC	107	DELITAJAI	1	
5º	SC	52	DELITAJAI	2	
5º	SC	48	DELITAJAI	46	
5º	SC	25	DELITAJAI	17	
5º	SC	53	DELITAJAI	6	
5º	SC	26	DELITAJAI	5250	
5º	SC	27	DELITAJAI	2	
5º	SC	55	DELITAJAI	7	
5º	SC	54	DELITAJAI	1	
5º	SC	51	DELITAJAI	199	
5º	SC	10	DELITAJAI	7	
5º	SC	28	DELITAJAI	283	
5º	SC	30	DELITAJAI	1	
5º	SC	31	DELITAJAI	88	
5º	SC	57	DELITAJAI	6	
5º	SC	32	DELITAJAI	23	
5º	SC	33	DELITAJAI	32	
5º	SC	59	DELITAJAI	14	
5º	SC	34	DELITAJAI	7	
5º	SC	105	DELITAJAI	31	
5º	SC	35	DELITAJAI	6381	
5º	SC	108	DELITAJAI	4551	
5º	SC	37	DELITAJAI	12	
5º	SC	62	DELITAJAI	2	
5º	SC	99	DELITAJAI	1966	
5º	SC	13	DELITAJAI	25	
5º	SC	38	DELITAJAI	1193	
5º	SC	39	DELITAJAI	1	
5º	SC	8	DELITAJAI	2	
5º	SC	41	DELITAJAI	35	
5º	SC	12	DELITAJAI	5	
5º	SC	42	DELITAJAI	4	
5º	SC	45	DELITAJAI	60	
5º	SC	2	DELITAJAI	1	
5º	SC	46	DELITAJAI	25	
5º	SC	43	DELITAJAI	355	
5º	SC	48	DELLAGUNA	28	
5º	SC	25	DELLAGUNA	21	
5º	SC	53	DELLAGUNA	49	
5º	SC	26	DELLAGUNA	2238	
5º	SC	27	DELLAGUNA	2	
5º	SC	55	DELLAGUNA	5	
5º	SC	54	DELLAGUNA	260	
5º	SC	51	DELLAGUNA	1674	
5º	SC	28	DELLAGUNA	10	
5º	SC	31	DELLAGUNA	52	
5º	SC	57	DELLAGUNA	3	
5º	SC	32	DELLAGUNA	2	
5º	SC	24	DELLAGUNA	1	
5º	SC	33	DELLAGUNA	4	
5º	SC	44	DELLAGUNA	1	
5º	SC	59	DELLAGUNA	7	
5º	SC	34	DELLAGUNA	4	
5º	SC	35	DELLAGUNA	912	
5º	SC	108	DELLAGUNA	912	
5º	SC	99	DELLAGUNA	6730	
5º	SC	13	DELLAGUNA	4	
5º	SC	38	DELLAGUNA	74	
5º	SC	41	DELLAGUNA	12	
5º	SC	12	DELLAGUNA	1	
5º	SC	46	DELLAGUNA	8	
5º	SC	43	DELLAGUNA	31	
5º	SC	107	DELSFSUL	1	
5º	SC	52	DELSFSUL	3	
5º	SC	48	DELSFSUL	24	
5º	SC	25	DELSFSUL	11	
5º	SC	53	DELSFSUL	1	
5º	SC	26	DELSFSUL	11023	
5º	SC	27	DELSFSUL	3	
5º	SC	55	DELSFSUL	5	
5º	SC	54	DELSFSUL	1	
5º	SC	51	DELSFSUL	77	
5º	SC	10	DELSFSUL	4	
5º	SC	28	DELSFSUL	51	
5º	SC	31	DELSFSUL	124	
5º	SC	57	DELSFSUL	4	
5º	SC	32	DELSFSUL	10	
5º	SC	33	DELSFSUL	16	
5º	SC	7	DELSFSUL	1	
5º	SC	44	DELSFSUL	6	
5º	SC	59	DELSFSUL	12	
5º	SC	34	DELSFSUL	3	
5º	SC	105	DELSFSUL	5	
5º	SC	35	DELSFSUL	3437	
5º	SC	108	DELSFSUL	1124	
5º	SC	37	DELSFSUL	6	
5º	SC	62	DELSFSUL	4	
5º	SC	99	DELSFSUL	5283	
5º	SC	13	DELSFSUL	23	
5º	SC	38	DELSFSUL	41	
5º	SC	1	DELSFSUL	1	
5º	SC	40	DELSFSUL	1	
5º	SC	41	DELSFSUL	16	
5º	SC	42	DELSFSUL	2	
5º	SC	45	DELSFSUL	5	
5º	SC	46	DELSFSUL	26	
5º	SC	43	DELSFSUL	346	
5º	RS	23	DELURUGUAIANA	1	
5º	RS	48	DELURUGUAIANA	31	
5º	RS	25	DELURUGUAIANA	17	
5º	RS	53	DELURUGUAIANA	1	
5º	RS	26	DELURUGUAIANA	6232	
5º	RS	51	DELURUGUAIANA	986	
5º	RS	28	DELURUGUAIANA	9	
5º	RS	31	DELURUGUAIANA	28	
5º	RS	34	DELURUGUAIANA	1	
5º	RS	105	DELURUGUAIANA	2	
5º	RS	35	DELURUGUAIANA	1686	
5º	RS	108	DELURUGUAIANA	245	
5º	RS	99	DELURUGUAIANA	565	
5º	RS	13	DELURUGUAIANA	2	
5º	RS	1	DELURUGUAIANA	1	
5º	RS	41	DELURUGUAIANA	15	
5º	RS	46	DELURUGUAIANA	1	
5º	RS	43	DELURUGUAIANA	4	
6º	MT	48	AGCÁCERES	27	
6º	MT	25	AGCÁCERES	4	
6º	MT	26	AGCÁCERES	6937	
6º	MT	51	AGCÁCERES	369	
6º	MT	28	AGCÁCERES	277	
6º	MT	31	AGCÁCERES	31	
6º	MT	58	AGCÁCERES	2	
6º	MT	33	AGCÁCERES	44	
6º	MT	44	AGCÁCERES	1	
6º	MT	59	AGCÁCERES	1	
6º	MT	34	AGCÁCERES	1	
6º	MT	35	AGCÁCERES	763	
6º	MT	108	AGCÁCERES	121	
6º	MT	37	AGCÁCERES	2	
6º	MT	99	AGCÁCERES	1447	
6º	MT	13	AGCÁCERES	15	
6º	MT	41	AGCÁCERES	14	
6º	MS	48	AGPMURTINHO	10	
6º	MS	25	AGPMURTINHO	2	
6º	MS	53	AGPMURTINHO	1	
6º	MS	26	AGPMURTINHO	4912	
6º	MS	55	AGPMURTINHO	2	
6º	MS	51	AGPMURTINHO	6	
6º	MS	28	AGPMURTINHO	22	
6º	MS	56	AGPMURTINHO	1	
6º	MS	31	AGPMURTINHO	8	
6º	MS	33	AGPMURTINHO	9	
6º	MS	44	AGPMURTINHO	4	
6º	MS	35	AGPMURTINHO	889	
6º	MS	108	AGPMURTINHO	282	
6º	MS	99	AGPMURTINHO	947	
6º	MS	13	AGPMURTINHO	19	
6º	MS	63	AGPMURTINHO	1	
6º	MS	41	AGPMURTINHO	4	
6º	MS	43	AGPMURTINHO	1	
6º	DF	48	AGSFARAGUAIA	96	7 DN
6º	DF	25	AGSFARAGUAIA	8	7 DN
6º	DF	53	AGSFARAGUAIA	1	7 DN
6º	DF	26	AGSFARAGUAIA	251	7 DN
6º	DF	51	AGSFARAGUAIA	2593	7 DN
6º	DF	10	AGSFARAGUAIA	3	7 DN
6º	DF	28	AGSFARAGUAIA	357	7 DN
6º	DF	30	AGSFARAGUAIA	1	7 DN
6º	DF	31	AGSFARAGUAIA	5	7 DN
6º	DF	57	AGSFARAGUAIA	4	7 DN
6º	DF	33	AGSFARAGUAIA	38	7 DN
6º	DF	44	AGSFARAGUAIA	1	7 DN
6º	DF	105	AGSFARAGUAIA	21	7 DN
6º	DF	35	AGSFARAGUAIA	525	7 DN
6º	DF	108	AGSFARAGUAIA	288	7 DN
6º	DF	99	AGSFARAGUAIA	13	7 DN
6º	DF	13	AGSFARAGUAIA	10	7 DN
6º	DF	63	AGSFARAGUAIA	2	7 DN
6º	DF	43	AGSFARAGUAIA	2	7 DN
6º	MT	107	CFPN	8	
6º	MT	48	CFPN	40	
6º	MT	25	CFPN	28	
6º	MT	26	CFPN	7972	
6º	MT	27	CFPN	1	
6º	MT	51	CFPN	2	
6º	MT	10	CFPN	6	
6º	MT	28	CFPN	89	
6º	MT	31	CFPN	33	
6º	MT	57	CFPN	26	
6º	MT	32	CFPN	1	
6º	MT	33	CFPN	38	
6º	MT	34	CFPN	1	
6º	MT	105	CFPN	3	
6º	MT	103	CFPN	2	
6º	MT	35	CFPN	1594	
6º	MT	108	CFPN	388	
6º	MT	37	CFPN	1	
6º	MT	99	CFPN	3317	
6º	MT	13	CFPN	51	
6º	MT	63	CFPN	1	
6º	MT	38	CFPN	1	
6º	MT	1	CFPN	1	
6º	MT	41	CFPN	35	
6º	MT	12	CFPN	1	
6º	MT	43	CFPN	5	
6º	MT	48	DELCUIABÁ	68	
6º	MT	25	DELCUIABÁ	18	
6º	MT	53	DELCUIABÁ	3	
6º	MT	26	DELCUIABÁ	7922	
6º	MT	55	DELCUIABÁ	4	
6º	MT	51	DELCUIABÁ	51	
6º	MT	10	DELCUIABÁ	2	
6º	MT	28	DELCUIABÁ	327	
6º	MT	31	DELCUIABÁ	252	
6º	MT	57	DELCUIABÁ	9	
6º	MT	32	DELCUIABÁ	2	
6º	MT	58	DELCUIABÁ	1	
6º	MT	33	DELCUIABÁ	102	
6º	MT	34	DELCUIABÁ	4	
6º	MT	105	DELCUIABÁ	13	
6º	MT	103	DELCUIABÁ	1	
6º	MT	35	DELCUIABÁ	2703	
6º	MT	108	DELCUIABÁ	1265	
6º	MT	37	DELCUIABÁ	2	
6º	MT	99	DELCUIABÁ	1702	
6º	MT	13	DELCUIABÁ	4	
6º	MT	63	DELCUIABÁ	2	
6º	MT	38	DELCUIABÁ	1	
6º	MT	1	DELCUIABÁ	2	
6º	MT	41	DELCUIABÁ	38	
6º	MT	42	DELCUIABÁ	2	
6º	MT	46	DELCUIABÁ	2	
6º	MT	43	DELCUIABÁ	5	
7º	DF	48	CFB	76	
7º	DF	25	CFB	25	
7º	DF	53	CFB	1	
7º	DF	26	CFB	4772	
7º	DF	27	CFB	2	
7º	DF	55	CFB	3	
7º	DF	51	CFB	1045	
7º	DF	10	CFB	4	
7º	DF	28	CFB	13341	
7º	DF	31	CFB	215	
7º	DF	57	CFB	3	
7º	DF	32	CFB	3	
7º	DF	33	CFB	136	
7º	DF	50	CFB	1	
7º	DF	44	CFB	1	
7º	DF	34	CFB	92	
7º	DF	105	CFB	45	
7º	DF	103	CFB	5	
7º	DF	35	CFB	7899	
7º	DF	60	CFB	1	
7º	DF	47	CFB	2	
7º	DF	108	CFB	5976	
7º	DF	37	CFB	78	
7º	DF	99	CFB	16898	
7º	DF	13	CFB	14	
7º	DF	63	CFB	1	
7º	DF	38	CFB	1	
7º	DF	1	CFB	1	
7º	DF	41	CFB	27	
7º	DF	42	CFB	4	
7º	DF	46	CFB	3	
7º	DF	43	CFB	1006	
7º	TO	48	CFAT	34	
7º	TO	25	CFAT	5	
7º	TO	26	CFAT	539	
7º	TO	51	CFAT	3054	
7º	TO	21	CFAT	1	
7º	TO	10	CFAT	2	
7º	TO	28	CFAT	676	
7º	TO	31	CFAT	16	
7º	TO	57	CFAT	11	
7º	TO	32	CFAT	5	
7º	TO	33	CFAT	25	
7º	TO	44	CFAT	1	
7º	TO	34	CFAT	5	
7º	TO	105	CFAT	44	
7º	TO	35	CFAT	1851	
7º	TO	108	CFAT	863	
7º	TO	37	CFAT	43	
7º	TO	99	CFAT	14	
7º	TO	13	CFAT	4	
7º	TO	63	CFAT	2	
7º	TO	38	CFAT	1	
7º	TO	41	CFAT	3	
7º	TO	46	CFAT	1	
7º	TO	43	CFAT	6	
8º	SP	109	CPSP	2	
8º	SP	102	CPSP	1	
8º	SP	48	CPSP	265	
8º	SP	25	CPSP	62	
8º	SP	53	CPSP	52	
8º	SP	26	CPSP	25574	
8º	SP	27	CPSP	10	
8º	SP	55	CPSP	6	
8º	SP	54	CPSP	2	
8º	SP	51	CPSP	958	
8º	SP	10	CPSP	5	
8º	SP	28	CPSP	863	
8º	SP	30	CPSP	1	
8º	SP	31	CPSP	568	
8º	SP	57	CPSP	20	
8º	SP	32	CPSP	38	
8º	SP	24	CPSP	1	
8º	SP	33	CPSP	720	
8º	SP	7	CPSP	2	
8º	SP	50	CPSP	2	
8º	SP	44	CPSP	13	
8º	SP	59	CPSP	28	
8º	SP	34	CPSP	89	
8º	SP	105	CPSP	163	
8º	SP	103	CPSP	3	
8º	SP	35	CPSP	21133	
8º	SP	60	CPSP	3	
8º	SP	108	CPSP	21509	
8º	SP	37	CPSP	47	
8º	SP	62	CPSP	2	
8º	SP	99	CPSP	19778	
8º	SP	13	CPSP	10	
8º	SP	38	CPSP	301	
8º	SP	39	CPSP	3	
8º	SP	4	CPSP	4	
8º	SP	8	CPSP	1	
8º	SP	6	CPSP	1	
8º	SP	41	CPSP	158	
8º	SP	9	CPSP	1	
8º	SP	12	CPSP	20	
8º	SP	42	CPSP	25	
8º	SP	45	CPSP	2	
8º	SP	2	CPSP	1	
8º	SP	46	CPSP	41	
8º	SP	43	CPSP	2531	
8º	PR	23	CPPR	1	
8º	PR	52	CPPR	1	
8º	PR	48	CPPR	35	
8º	PR	25	CPPR	15	
8º	PR	53	CPPR	2	
8º	PR	26	CPPR	7552	
8º	PR	55	CPPR	3	
8º	PR	54	CPPR	2	
8º	PR	51	CPPR	2941	
8º	PR	28	CPPR	54	
8º	PR	30	CPPR	2	
8º	PR	31	CPPR	37	
8º	PR	57	CPPR	4	
8º	PR	32	CPPR	13	
8º	PR	33	CPPR	19	
8º	PR	44	CPPR	3	
8º	PR	59	CPPR	2	
8º	PR	34	CPPR	5	
8º	PR	105	CPPR	11	
8º	PR	103	CPPR	3	
8º	PR	35	CPPR	9959	
8º	PR	60	CPPR	1	
8º	PR	108	CPPR	2646	
8º	PR	37	CPPR	3	
8º	PR	99	CPPR	5248	
8º	PR	13	CPPR	19	
8º	PR	63	CPPR	3	
8º	PR	38	CPPR	144	
8º	PR	4	CPPR	1	
8º	PR	111	CPPR	1	
8º	PR	41	CPPR	18	
8º	PR	12	CPPR	5	
8º	PR	2	CPPR	1	
8º	PR	46	CPPR	1	
8º	PR	43	CPPR	626	
8º	PR	48	CFRP	73	
8º	PR	25	CFRP	1	
8º	PR	53	CFRP	8	
8º	PR	26	CFRP	1423	
8º	PR	55	CFRP	1	
8º	PR	51	CFRP	74	
8º	PR	28	CFRP	31	
8º	PR	31	CFRP	153	
8º	PR	57	CFRP	7	
8º	PR	32	CFRP	1	
8º	PR	33	CFRP	76	
8º	PR	7	CFRP	2	
8º	PR	34	CFRP	1	
8º	PR	105	CFRP	14	
8º	PR	103	CFRP	5	
8º	PR	35	CFRP	12865	
8º	PR	60	CFRP	2	
8º	PR	108	CFRP	1566	
8º	PR	37	CFRP	2	
8º	PR	99	CFRP	542	
8º	PR	41	CFRP	41	
8º	PR	43	CFRP	31	
8º	SP	23	CFTP	1	
8º	SP	48	CFTP	116	
8º	SP	25	CFTP	103	
8º	SP	53	CFTP	113	
8º	SP	26	CFTP	47292	
8º	SP	27	CFTP	2	
8º	SP	55	CFTP	3	
8º	SP	51	CFTP	143	
8º	SP	10	CFTP	8	
8º	SP	28	CFTP	306	
8º	SP	30	CFTP	2	
8º	SP	31	CFTP	464	
8º	SP	57	CFTP	146	
8º	SP	32	CFTP	2	
8º	SP	33	CFTP	375	
8º	SP	44	CFTP	14	
8º	SP	59	CFTP	6	
8º	SP	34	CFTP	31	
8º	SP	105	CFTP	55	
8º	SP	35	CFTP	10847	
8º	SP	60	CFTP	3	
8º	SP	108	CFTP	7742	
8º	SP	37	CFTP	101	
8º	SP	62	CFTP	2	
8º	SP	99	CFTP	9584	
8º	SP	13	CFTP	32	
8º	SP	38	CFTP	30	
8º	SP	39	CFTP	5	
8º	SP	1	CFTP	2	
8º	SP	41	CFTP	76	
8º	SP	12	CFTP	2	
8º	SP	42	CFTP	2	
8º	SP	45	CFTP	1	
8º	SP	2	CFTP	2	
8º	SP	46	CFTP	3	
8º	SP	15	CFTP	1	
8º	SP	43	CFTP	178	
8º	SP	52	DELSSEBASTIÃO	3	
8º	SP	102	DELSSEBASTIÃO	1	
8º	SP	48	DELSSEBASTIÃO	73	
8º	SP	25	DELSSEBASTIÃO	6	
8º	SP	53	DELSSEBASTIÃO	4	
8º	SP	26	DELSSEBASTIÃO	7409	
8º	SP	27	DELSSEBASTIÃO	1	
8º	SP	55	DELSSEBASTIÃO	1	
8º	SP	54	DELSSEBASTIÃO	1	
8º	SP	51	DELSSEBASTIÃO	355	
8º	SP	10	DELSSEBASTIÃO	4	
8º	SP	28	DELSSEBASTIÃO	192	
8º	SP	31	DELSSEBASTIÃO	463	
8º	SP	57	DELSSEBASTIÃO	4	
8º	SP	32	DELSSEBASTIÃO	73	
8º	SP	33	DELSSEBASTIÃO	39	
8º	SP	50	DELSSEBASTIÃO	1	
8º	SP	59	DELSSEBASTIÃO	10	
8º	SP	34	DELSSEBASTIÃO	22	
8º	SP	105	DELSSEBASTIÃO	37	
8º	SP	35	DELSSEBASTIÃO	9456	
8º	SP	108	DELSSEBASTIÃO	4011	
8º	SP	37	DELSSEBASTIÃO	29	
8º	SP	99	DELSSEBASTIÃO	1433	
8º	SP	13	DELSSEBASTIÃO	3	
8º	SP	38	DELSSEBASTIÃO	35	
8º	SP	4	DELSSEBASTIÃO	6	
8º	SP	1	DELSSEBASTIÃO	1	
8º	SP	41	DELSSEBASTIÃO	70	
8º	SP	42	DELSSEBASTIÃO	17	
8º	SP	46	DELSSEBASTIÃO	73	
8º	SP	43	DELSSEBASTIÃO	1031	
8º	SP	23	DELPEPITÁCIO	1	
8º	SP	48	DELPEPITÁCIO	61	
8º	SP	25	DELPEPITÁCIO	11	
8º	SP	53	DELPEPITÁCIO	14	
8º	SP	26	DELPEPITÁCIO	16533	
8º	SP	55	DELPEPITÁCIO	1	
8º	SP	51	DELPEPITÁCIO	7	
8º	SP	28	DELPEPITÁCIO	291	
8º	SP	31	DELPEPITÁCIO	111	
8º	SP	57	DELPEPITÁCIO	17	
8º	SP	32	DELPEPITÁCIO	3	
8º	SP	33	DELPEPITÁCIO	131	
8º	SP	44	DELPEPITÁCIO	1	
8º	SP	59	DELPEPITÁCIO	1	
8º	SP	34	DELPEPITÁCIO	4	
8º	SP	105	DELPEPITÁCIO	3	
8º	SP	103	DELPEPITÁCIO	1	
8º	SP	35	DELPEPITÁCIO	3322	
8º	SP	108	DELPEPITÁCIO	1694	
8º	SP	37	DELPEPITÁCIO	1	
8º	SP	99	DELPEPITÁCIO	4813	
8º	SP	13	DELPEPITÁCIO	9	
8º	SP	63	DELPEPITÁCIO	2	
8º	SP	38	DELPEPITÁCIO	59	
8º	SP	40	DELPEPITÁCIO	1	
8º	SP	41	DELPEPITÁCIO	64	
8º	SP	12	DELPEPITÁCIO	1	
8º	SP	42	DELPEPITÁCIO	1	
8º	SP	45	DELPEPITÁCIO	3	
8º	SP	46	DELPEPITÁCIO	3	
8º	SP	43	DELPEPITÁCIO	17	
8º	PR	23	DELGUAIRA	2	
8º	PR	48	DELGUAIRA	73	
8º	PR	25	DELGUAIRA	6	
8º	PR	53	DELGUAIRA	11	
8º	PR	26	DELGUAIRA	20122	
8º	PR	51	DELGUAIRA	11	
8º	PR	10	DELGUAIRA	2	
8º	PR	28	DELGUAIRA	107	
8º	PR	31	DELGUAIRA	262	
8º	PR	57	DELGUAIRA	13	
8º	PR	32	DELGUAIRA	1	
8º	PR	33	DELGUAIRA	50	
8º	PR	44	DELGUAIRA	1	
8º	PR	59	DELGUAIRA	1	
8º	PR	34	DELGUAIRA	1	
8º	PR	105	DELGUAIRA	10	
8º	PR	103	DELGUAIRA	1	
8º	PR	35	DELGUAIRA	8258	
8º	PR	108	DELGUAIRA	2364	
8º	PR	62	DELGUAIRA	2	
8º	PR	99	DELGUAIRA	7143	
8º	PR	13	DELGUAIRA	9	
8º	PR	38	DELGUAIRA	16	
8º	PR	41	DELGUAIRA	148	
8º	PR	42	DELGUAIRA	1	
8º	PR	2	DELGUAIRA	1	
8º	PR	46	DELGUAIRA	1	
8º	PR	43	DELGUAIRA	25	
9º	AC	48	AGBACRE	38	
9º	AC	25	AGBACRE	2	
9º	AC	53	AGBACRE	11	
9º	AC	26	AGBACRE	21	
9º	AC	55	AGBACRE	1	
9º	AC	54	AGBACRE	1	
9º	AC	51	AGBACRE	758	
9º	AC	10	AGBACRE	151	
9º	AC	28	AGBACRE	1	
9º	AC	31	AGBACRE	38	
9º	AC	57	AGBACRE	16	
9º	AC	33	AGBACRE	55	
9º	AC	105	AGBACRE	3	
9º	AC	35	AGBACRE	2204	
9º	AC	108	AGBACRE	110	
9º	AC	99	AGBACRE	186	
9º	AC	13	AGBACRE	33	
9º	AC	63	AGBACRE	16	
9º	AC	20	AGBACRE	1	
9º	AC	38	AGBACRE	167	
9º	AC	41	AGBACRE	54	
9º	AC	48	AGCSUL	30	
9º	AC	53	AGCSUL	97	
9º	AC	26	AGCSUL	110	
9º	AC	51	AGCSUL	256	
9º	AC	10	AGCSUL	4	
9º	AC	57	AGCSUL	2	
9º	AC	33	AGCSUL	32	
9º	AC	105	AGCSUL	1	
9º	AC	35	AGCSUL	41	
9º	AC	108	AGCSUL	13	
9º	AC	13	AGCSUL	13	
9º	AC	63	AGCSUL	5	
9º	AC	38	AGCSUL	2	
9º	AC	41	AGCSUL	5	
9º	AM	23	AGEIRUNEPÉ	1	
9º	AM	48	AGEIRUNEPÉ	54	
9º	AM	25	AGEIRUNEPÉ	12	
9º	AM	53	AGEIRUNEPÉ	386	
9º	AM	26	AGEIRUNEPÉ	95	
9º	AM	51	AGEIRUNEPÉ	226	
9º	AM	10	AGEIRUNEPÉ	7	
9º	AM	31	AGEIRUNEPÉ	5	
9º	AM	57	AGEIRUNEPÉ	19	
9º	AM	33	AGEIRUNEPÉ	25	
9º	AM	7	AGEIRUNEPÉ	2	
9º	AM	35	AGEIRUNEPÉ	500	
9º	AM	108	AGEIRUNEPÉ	25	
9º	AM	99	AGEIRUNEPÉ	65	
9º	AM	13	AGEIRUNEPÉ	3	
9º	AM	63	AGEIRUNEPÉ	6	
9º	AM	38	AGEIRUNEPÉ	16	
9º	AM	41	AGEIRUNEPÉ	39	
9º	AM	2	AGEIRUNEPÉ	1	
9º	RO	48	AGMIRIM	30	
9º	RO	53	AGMIRIM	2	
9º	RO	26	AGMIRIM	1099	
9º	RO	51	AGMIRIM	432	
9º	RO	28	AGMIRIM	756	
9º	RO	31	AGMIRIM	19	
9º	RO	57	AGMIRIM	7	
9º	RO	33	AGMIRIM	19	
9º	RO	35	AGMIRIM	1001	
9º	RO	108	AGMIRIM	34	
9º	RO	99	AGMIRIM	122	
9º	RO	13	AGMIRIM	7	
9º	RO	63	AGMIRIM	4	
9º	RO	38	AGMIRIM	6	
9º	RO	4	AGMIRIM	1	
9º	RO	41	AGMIRIM	32	
9º	RO	12	AGMIRIM	1	
9º	RO	42	AGMIRIM	1	
9º	RO	2	AGMIRIM	1	
9º	AM	48	AGHUMAITÁ	5	
9º	AM	53	AGHUMAITÁ	6	
9º	AM	26	AGHUMAITÁ	10	
9º	AM	51	AGHUMAITÁ	78	
9º	AM	10	AGHUMAITÁ	131	
9º	AM	30	AGHUMAITÁ	1	
9º	AM	31	AGHUMAITÁ	832	
9º	AM	57	AGHUMAITÁ	4	
9º	AM	33	AGHUMAITÁ	4	
9º	AM	35	AGHUMAITÁ	64	
9º	AM	13	AGHUMAITÁ	34	
9º	AM	63	AGHUMAITÁ	1	
9º	AM	38	AGHUMAITÁ	8	
9º	AM	41	AGHUMAITÁ	3	
9º	AM	2	AGHUMAITÁ	1	
9º	AM	48	AGITACOATIARA	49	
9º	AM	25	AGITACOATIARA	2	
9º	AM	53	AGITACOATIARA	1	
9º	AM	26	AGITACOATIARA	62	
9º	AM	51	AGITACOATIARA	156	
9º	AM	10	AGITACOATIARA	546	
9º	AM	56	AGITACOATIARA	1	
9º	AM	57	AGITACOATIARA	28	
9º	AM	33	AGITACOATIARA	36	
9º	AM	7	AGITACOATIARA	11	
9º	AM	59	AGITACOATIARA	2	
9º	AM	34	AGITACOATIARA	2	
9º	AM	35	AGITACOATIARA	346	
9º	AM	108	AGITACOATIARA	14	
9º	AM	99	AGITACOATIARA	24	
9º	AM	13	AGITACOATIARA	271	
9º	AM	63	AGITACOATIARA	202	
9º	AM	38	AGITACOATIARA	181	
9º	AM	39	AGITACOATIARA	2	
9º	AM	41	AGITACOATIARA	161	
9º	AM	12	AGITACOATIARA	1	
9º	AM	2	AGITACOATIARA	6	
9º	AM	106	AGITACOATIARA	3	
9º	AM	48	AGPARINTINS	37	
9º	AM	25	AGPARINTINS	1	
9º	AM	53	AGPARINTINS	7	
9º	AM	26	AGPARINTINS	407	
9º	AM	51	AGPARINTINS	601	
9º	AM	10	AGPARINTINS	361	
9º	AM	28	AGPARINTINS	2	
9º	AM	31	AGPARINTINS	1	
9º	AM	57	AGPARINTINS	26	
9º	AM	33	AGPARINTINS	33	
9º	AM	7	AGPARINTINS	2	
9º	AM	59	AGPARINTINS	6	
9º	AM	103	AGPARINTINS	1	
9º	AM	35	AGPARINTINS	765	
9º	AM	60	AGPARINTINS	43	
9º	AM	108	AGPARINTINS	22	
9º	AM	99	AGPARINTINS	54	
9º	AM	13	AGPARINTINS	625	
9º	AM	63	AGPARINTINS	1024	
9º	AM	38	AGPARINTINS	360	
9º	AM	4	AGPARINTINS	5	
9º	AM	41	AGPARINTINS	33	
9º	AM	12	AGPARINTINS	3	
9º	AM	2	AGPARINTINS	7	
9º	AM	106	AGPARINTINS	1	
9º	AM	23	AGTEFÉ	1	
9º	AM	48	AGTEFÉ	71	
9º	AM	53	AGTEFÉ	269	
9º	AM	26	AGTEFÉ	177	
9º	AM	51	AGTEFÉ	53	
9º	AM	10	AGTEFÉ	146	
9º	AM	31	AGTEFÉ	27	
9º	AM	57	AGTEFÉ	65	
9º	AM	33	AGTEFÉ	200	
9º	AM	7	AGTEFÉ	9	
9º	AM	105	AGTEFÉ	3	
9º	AM	35	AGTEFÉ	467	
9º	AM	108	AGTEFÉ	7	
9º	AM	99	AGTEFÉ	284	
9º	AM	13	AGTEFÉ	56	
9º	AM	63	AGTEFÉ	47	
9º	AM	38	AGTEFÉ	173	
9º	AM	39	AGTEFÉ	2	
9º	AM	41	AGTEFÉ	132	
9º	AM	107	CFAOC	2	
9º	AM	48	CFAOC	1839	
9º	AM	25	CFAOC	226	
9º	AM	53	CFAOC	2	
9º	AM	26	CFAOC	112	
9º	AM	27	CFAOC	5	
9º	AM	51	CFAOC	90	
9º	AM	10	CFAOC	1579	
9º	AM	28	CFAOC	9	
9º	AM	30	CFAOC	9	
9º	AM	31	CFAOC	17	
9º	AM	57	CFAOC	285	
9º	AM	58	CFAOC	2	
9º	AM	33	CFAOC	311	
9º	AM	7	CFAOC	74	
9º	AM	59	CFAOC	45	
9º	AM	34	CFAOC	1	
9º	AM	105	CFAOC	4	
9º	AM	103	CFAOC	1	
9º	AM	35	CFAOC	6287	
9º	AM	60	CFAOC	1	
9º	AM	108	CFAOC	1327	
9º	AM	37	CFAOC	41	
9º	AM	99	CFAOC	187	
9º	AM	13	CFAOC	648	
9º	AM	63	CFAOC	592	
9º	AM	20	CFAOC	2	
9º	AM	38	CFAOC	1220	
9º	AM	39	CFAOC	4	
9º	AM	4	CFAOC	16	
9º	AM	8	CFAOC	8	
9º	AM	41	CFAOC	882	
9º	AM	9	CFAOC	2	
9º	AM	12	CFAOC	28	
9º	AM	22	CFAOC	1	
9º	AM	2	CFAOC	54	
9º	AM	15	CFAOC	3	
9º	AM	106	CFAOC	1	
9º	AM	43	CFAOC	5	
9º	AM	23	CFT	1	
9º	AM	109	CFT	1	
9º	AM	48	CFT	67	
9º	AM	25	CFT	2	
9º	AM	53	CFT	8	
9º	AM	26	CFT	626	
9º	AM	55	CFT	4	
9º	AM	51	CFT	1290	
9º	AM	10	CFT	76	
9º	AM	31	CFT	7	
9º	AM	57	CFT	19	
9º	AM	33	CFT	119	
9º	AM	59	CFT	13	
9º	AM	103	CFT	1	
9º	AM	35	CFT	576	
9º	AM	108	CFT	1	
9º	AM	99	CFT	168	
9º	AM	13	CFT	14	
9º	AM	63	CFT	18	
9º	AM	38	CFT	24	
9º	AM	41	CFT	60	
9º	AM	2	CFT	1	
9º	RO	48	DELPVELHO	81	
9º	RO	25	DELPVELHO	5	
9º	RO	53	DELPVELHO	41	
9º	RO	26	DELPVELHO	981	
9º	RO	27	DELPVELHO	1	
9º	RO	51	DELPVELHO	385	
9º	RO	10	DELPVELHO	51	
9º	RO	28	DELPVELHO	612	
9º	RO	31	DELPVELHO	483	
9º	RO	57	DELPVELHO	113	
9º	RO	32	DELPVELHO	1	
9º	RO	33	DELPVELHO	98	
9º	RO	7	DELPVELHO	3	
9º	RO	105	DELPVELHO	7	
9º	RO	103	DELPVELHO	1	
9º	RO	35	DELPVELHO	1722	
9º	RO	60	DELPVELHO	1	
9º	RO	108	DELPVELHO	216	
9º	RO	99	DELPVELHO	105	
9º	RO	13	DELPVELHO	80	
9º	RO	63	DELPVELHO	33	
9º	RO	38	DELPVELHO	27	
9º	RO	41	DELPVELHO	154	
